ID_Renta,Fecha_Renta,Cliente_Nombre,Cliente_Email,Cliente_Activo,Tienda_ID,Tienda_Direccion,Staff_Nombre,Staff_Email,Pelicula_Titulo,Pelicula_Categoria,Pelicula_Costo_Reemplazo,Inventario_ID,Pago_Monto,Pago_Fecha_Pago
R-1001,2024-11-22,Carlos López,carlos.l@outlook.com,Sí,2,Blvd. Insurgentes 456, CDMX,Carlos Ruiz,carlos.r@maven.mx,Lord of the Rings,Fantasía,24.00,INV-001,4.99,2024-11-22
R-1002,2024-07-17,Carlos López,carlos.l@outlook.com,Sí,1,Av. Reforma 123, CDMX,Juan Pérez,juan.p@maven.mx,Inception,Sci-Fi,18.50,INV-002,5.99,2024-07-17
R-1003,2024-04-21,Ana Martínez,ana.m@correo.com,Sí,1,Av. Reforma 123, CDMX,Carlos Ruiz,carlos.r@maven.mx,The Matrix,Sci-Fi,20.99,INV-003,5.99,2024-04-21
R-1004,2024-08-17,Ana Martínez,ana.m@correo.com,Sí,2,Blvd Insurgentes 456, CDMX,Carlos Ruiz,carlos.r@maven.mx,The Matrix,Sci-Fi,20.99,INV-004,3.99,2024-08-17
R-1005,2024-04-14,Roberto Díaz,roberto.d@yahoo.com,Sí,1,Av. Reforma 123, CDMX,Juan Pérez,juan.p@maven.mx,The Matrix,Sci-Fi,20.99,INV-005,5.99,2024-04-14
R-1006,2024-08-29,Sofía Hernández,sofia.h@gmail.com,No,2,Blvd. Insurgentes 456, CDMX,Juan Pérez,juan.p@maven.mx,The Matrix,Sci-Fi,20.99,INV-006,4.99,2024-08-29
R-1007,2024-09-16,Luis Torres,luis.t@hotmail.com,Sí,2,Blvd. Insurgentes 456, CDMX,María García,maria.g@maven.mx,The Matrix,Sci-Fi,20.99,INV-007,4.99,2024-09-16
R-1008,2024-09-01,Ana Martínez,ana.m@correo.com,Sí,1,Avenida Reforma 123, CDMX,Juan Pérez,juan.p@maven.mx,The Matrix,Sci-Fi,20.99,INV-008,4.99,2024-09-01
R-1009,2024-06-02,Carlos López,carlos.l@outlook.com,Sí,2,Blvd. Insurgentes 456, CDMX,Juan Pérez,juan.p@maven.mx,Jurassic Park,Aventura,13.50,INV-009,3.99,2024-06-02
R-1010,2025-02-26,Carlos López,carlos.l@outlook.com,Sí,1,Avenida Reforma 123, CDMX,Juan Pérez,juan.p@maven.mx,Inception,Sci-Fi,18.50,INV-010,5.99,2025-02-26
R-1011,2024-03-20,Carlos López,carlos.l@outlook.com,Sí,1,Av. Reforma 123, CDMX,María García,maria.g@maven.mx,The Godfather,Drama,12.99,INV-011,4.99,2024-03-20
R-1012,2024-04-06,Ana Martínez,ana.m@correo.com,Sí,1,Av. Reforma 123, CDMX,María García,maria.g@maven.mx,The Shawshank Redemption,Drama,19.00,INV-012,4.99,2024-04-06
R-1013,2024-05-27,Ana Martínez,ana.m@correo.com,Sí,1,Av. Reforma 123, CDMX,María García,maria.g@maven.mx,The Matrix,Sci-Fi,20.99,INV-013,4.99,2024-05-27
R-1014,2024-12-25,Carlos López,carlos.l@outlook.com,Sí,1,Av. Reforma 123, CDMX,Juan Pérez,juan.p@maven.mx,Jurassic Park,Aventura,13.50,INV-014,3.99,2024-12-25
R-1015,2025-03-14,Carlos López,carlos.l@outlook.com,Sí,2,Blvd. Insurgentes 456, CDMX,María García,maria.g@maven.mx,Interstellar,Sci-Fi,22.00,INV-015,5.99,2025-03-14
R-1016,2024-05-12,Carlos López,carlos.l@outlook.com,Sí,2,Blvd. Insurgentes 456, CDMX,Carlos Ruiz,carlos.r@maven.mx,Fight Club,Drama,14.50,INV-016,3.99,2024-05-12
R-1017,2024-04-06,Carmen Vega,carmen.v@live.com,No,1,Av. Reforma 123, CDMX,Carlos Ruiz,carlos.r@maven.mx,The Matrix,Sci-Fi,20.99,INV-017,4.99,2024-04-06
R-1018,2024-04-17,carlos lópez,carlos.l@outlook.com,Sí,2,Blvd Insurgentes 456, CDMX,Juan Pérez,juan.p@maven.mx,Fight Club,Drama,14.50,INV-018,3.99,2024-04-17
R-1019,2024-09-18,Gabriela Mendoza,gabriela.m@webmail.com,Sí,2,Blvd Insurgentes 456, CDMX,Juan Pérez,juan.p@maven.mx,Pulp Fiction,Drama,15.00,INV-019,4.99,2024-09-18
R-1020,2024-09-07,Ana Martínez,ana.m@correo.com,Sí,1,Av. Reforma 123, CDMX,Juan Pérez,juan.p@maven.mx,Jurassic Park,Aventura,13.50,INV-020,4.99,2024-09-07
R-1021,2024-10-03,Miguel Ángel,miguel.a@proton.me,Sí,1,Av. Reforma 123, CDMX,Juan Pérez,juan.p@maven.mx,Star Wars,Sci-Fi,21.00,INV-021,3.99,2024-10-03
R-1022,2024-08-05,Gabriela Mendoza,gabriela.m@webmail.com,Sí,2,Blvd. Insurgentes 456, CDMX,Carlos Ruiz,carlos.r@maven.mx,The Matrix,Sci-Fi,20.99,INV-022,3.99,2024-08-05
R-1023,2024-06-11,Sofía Hernández,sofia.h@gmail.com,No,1,Av. Reforma 123, CDMX,Juan Pérez,juan.p@maven.mx,Inception,Sci-Fi,18.50,INV-023,5.99,2024-06-11
R-1024,2025-01-18,Sofía Hernández,sofia.h@gmail.com,No,2,Blvd. Insurgentes 456, CDMX,Juan Pérez,juan.p@maven.mx,Inception,Sci-Fi,18.50,INV-024,4.99,2025-01-18
R-1025,2024-12-06,Carlos López,carlos.l@outlook.com,Sí,1,Av. Reforma 123, CDMX,Carlos Ruiz,carlos.r@maven.mx,Pulp Fiction,Drama,15.00,INV-025,4.99,2024-12-06
R-1026,2025-01-19,Ana Martínez,ana.m@correo.com,Sí,2,Blvd. Insurgentes 456, CDMX,Juan Pérez,juan.p@maven.mx,Lord of the Rings,Fantasía,24.00,INV-026,3.99,2025-01-19
R-1027,2024-12-05,Gabriela Mendoza,gabriela.m@webmail.com,Sí,1,Avenida Reforma 123, CDMX,María García,maria.g@maven.mx,The Matrix,Sci-Fi,20.99,INV-027,3.99,2024-12-05
R-1028,2024-10-16,Ana Martínez,ana.m@correo.com,Sí,1,Av. Reforma 123, CDMX,Juan Pérez,juan.p@maven.mx,Interstellar,Sci-Fi,22.00,INV-028,4.99,2024-10-16
R-1029,2024-04-21,Carlos López,carlos.l@outlook.com,Sí,2,Blvd. Insurgentes 456, CDMX,Carlos Ruiz,carlos.r@maven.mx,Pulp Fiction,Drama,15.00,INV-029,4.99,2024-04-21
R-1030,2024-12-30,Carmen Vega,carmen.v@live.com,No,2,Blvd. Insurgentes 456, CDMX,María García,maria.g@maven.mx,Interstellar,Sci-Fi,22.00,INV-030,4.99,2024-12-30
R-1031,2024-08-21,Ana Martínez,ana.m@correo.com,Sí,1,Av. Reforma 123, CDMX,Carlos Ruiz,carlos.r@maven.mx,The Shawshank Redemption,Drama,19.00,INV-031,5.99,2024-08-21
R-1032,2024-10-17,Ana Martínez,ana.m@correo.com,Sí,1,Av. Reforma 123, CDMX,Carlos Ruiz,carlos.r@maven.mx,The Matrix,Sci-Fi,20.99,INV-032,4.99,2024-10-17
R-1033,2024-12-15,Ana Martínez,ana.m@correo.com,Sí,1,Av. Reforma 123, CDMX,Juan Pérez,juan.p@maven.mx,Schindler's List,Drama,17.50,INV-033,3.99,2024-12-15
R-1034,2024-04-12,Ana Martínez,ana.m@correo.com,Sí,1,Av. Reforma 123, CDMX,Juan Pérez,juan.p@maven.mx,Gladiator,Acción,16.75,INV-034,3.99,2024-04-12
R-1035,2024-03-24,Roberto Díaz,roberto.d@yahoo.com,Sí,1,Av. Reforma 123, CDMX,María García,maria.g@maven.mx,The Matrix,Sci-Fi,20.99,INV-035,3.99,2024-03-24
R-1036,2024-10-25,Ana Martínez,ana.m@correo.com,Sí,1,Av. Reforma 123, CDMX,Carlos Ruiz,carlos.r@maven.mx,Jurassic Park,Aventura,13.50,INV-036,4.99,2024-10-25
R-1037,2025-02-14,Ana Martínez,ana.m@correo.com,Sí,2,Blvd. Insurgentes 456, CDMX,María García,maria.g@maven.mx,Jurassic Park,Aventura,13.50,INV-037,5.99,2025-02-14
R-1038,2025-02-02,Ana Martínez,ana.m@correo.com,Sí,2,Blvd. Insurgentes 456, CDMX,Carlos Ruiz,carlos.r@maven.mx,Forrest Gump,Drama,11.99,INV-038,4.99,2025-02-02
R-1039,2025-01-17,Sofía Hernández,sofia.h@gmail.com,No,2,Blvd. Insurgentes 456, CDMX,Juan Pérez,juan.p@maven.mx,Pulp Fiction,Drama,15.00,INV-039,4.99,2025-01-17
R-1040,2024-11-30,Carlos López,carlos.l@outlook.com,Sí,2,Blvd. Insurgentes 456, CDMX,María García,maria.g@maven.mx,Avatar,Sci-Fi,25.00,INV-040,4.99,2024-11-30
R-1041,2024-08-19,Ana Martínez,ana.m@correo.com,Sí,1,Av. Reforma 123, CDMX,Juan Pérez,juan.p@maven.mx,Pulp Fiction,Drama,15.00,INV-041,3.99,2024-08-19
R-1042,2024-10-24,ana martínez,ana.m@correo.com,Sí,2,Blvd. Insurgentes 456, CDMX,Juan Pérez,juan.p@maven.mx,Inception,Sci-Fi,18.50,INV-042,5.99,2024-10-24
R-1043,2024-06-27,Ana Martínez,ana.m@correo.com,Sí,1,Av. Reforma 123, CDMX,Juan Pérez,juan.p@maven.mx,Avatar,Sci-Fi,25.00,INV-043,5.99,2024-06-27
R-1044,2024-12-07,Sofía Hernández,sofia.h@gmail.com,No,2,Blvd. Insurgentes 456, CDMX,Juan Pérez,juan.p@maven.mx,Lord of the Rings,Fantasía,24.00,INV-044,3.99,2024-12-07
R-1045,2024-09-24,Sofía Hernández,sofia.h@gmail.com,No,1,Av. Reforma 123, CDMX,María García,maria.g@maven.mx,Gladiator,Acción,16.75,INV-045,4.99,2024-09-24
R-1046,2024-09-11,Ana Martínez,ana.m@correo.com,Sí,1,Av. Reforma 123, CDMX,Juan Pérez,juan.p@maven.mx,Interstellar,Sci-Fi,22.00,INV-046,5.99,2024-09-11
R-1047,2024-06-19,Fernando Castro,fernando.c@inbox.com,No,1,Av. Reforma 123, CDMX,Carlos Ruiz,carlos.r@maven.mx,Inception,Sci-Fi,18.50,INV-047,4.99,2024-06-19
R-1048,2024-11-09,Ana Martínez,ana.m@correo.com,Sí,1,Av. Reforma 123, CDMX,Juan Pérez,juan.p@maven.mx,Inception,Sci-Fi,18.50,INV-048,4.99,2024-11-09
R-1049,2024-11-26,Roberto Díaz,roberto.d@yahoo.com,Sí,1,Av. Reforma 123, CDMX,Carlos Ruiz,carlos.r@maven.mx,The Matrix,Sci-Fi,20.99,INV-049,5.99,2024-11-26
R-1050,2025-01-17,Sofía Hernández,sofia.h@gmail.com,No,2,Blvd Insurgentes 456, CDMX,Carlos Ruiz,carlos.r@maven.mx,The Matrix,Sci-Fi,20.99,INV-050,4.99,2025-01-17
R-1051,2024-10-25,Carlos López,carlos.l@outlook.com,Sí,1,Av. Reforma 123, CDMX,Carlos Ruiz,carlos.r@maven.mx,The Matrix,Sci-Fi,20.99,INV-051,4.99,2024-10-25
R-1052,2024-11-13,Ana Martínez,ana.m@correo.com,Sí,1,Av. Reforma 123, CDMX,Carlos Ruiz,carlos.r@maven.mx,Pulp Fiction,Drama,15.00,INV-052,3.99,2024-11-13
R-1053,2024-07-28,Ana Martínez,ana.m@correo.com,Sí,1,Av. Reforma 123, CDMX,María García,maria.g@maven.mx,The Matrix,Sci-Fi,20.99,INV-053,5.99,2024-07-28
R-1054,2024-09-21,Ana Martínez,ana.m@correo.com,Sí,1,Av. Reforma 123, CDMX,Juan Pérez,juan.p@maven.mx,Gladiator,Acción,16.75,INV-054,5.99,2024-09-21
R-1055,2024-10-15,Ana Martínez,ana.m@correo.com,Sí,1,Av. Reforma 123, CDMX,María García,maria.g@maven.mx,Inception,Sci-Fi,18.50,INV-055,4.99,2024-10-15
R-1056,2024-09-01,Roberto Díaz,roberto.d@yahoo.com,Sí,1,Av. Reforma 123, CDMX,María García,maria.g@maven.mx,The Matrix,Sci-Fi,20.99,INV-056,3.99,2024-09-01
R-1057,2024-04-08,Ana Martínez,ana.m@correo.com,Sí,2,Blvd. Insurgentes 456, CDMX,Juan Pérez,juan.p@maven.mx,Inception,Sci-Fi,18.50,INV-057,3.99,2024-04-08
R-1058,2024-08-04,Ana Martínez,ana.m@correo.com,Sí,1,Av. Reforma 123, CDMX,Juan Pérez,juan.p@maven.mx,Gladiator,Acción,16.75,INV-058,4.99,2024-08-04
R-1059,2025-01-19,Sofía Hernández,sofia.h@gmail.com,No,1,Av. Reforma 123, CDMX,María García,maria.g@maven.mx,The Matrix,Sci-Fi,20.99,INV-059,3.99,2025-01-19
R-1060,2024-06-19,Sofía Hernández,sofia.h@gmail.com,No,1,Av. Reforma 123, CDMX,Juan Pérez,juan.p@maven.mx,Forrest Gump,Drama,11.99,INV-060,4.99,2024-06-19
R-1061,2024-10-18,Ana Martínez,ana.m@correo.com,Sí,1,Avenida Reforma 123, CDMX,Juan Pérez,juan.p@maven.mx,The Matrix,Sci-Fi,20.99,INV-061,3.99,2024-10-18
R-1062,2024-12-05,Ana Martínez,ana.m@correo.com,Sí,2,Blvd. Insurgentes 456, CDMX,Juan Pérez,juan.p@maven.mx,The Matrix,Sci-Fi,20.99,INV-062,4.99,2024-12-05
R-1063,2024-09-04,Roberto Díaz,roberto.d@yahoo.com,Sí,1,Av. Reforma 123, CDMX,María García,maria.g@maven.mx,Interstellar,Sci-Fi,22.00,INV-063,5.99,2024-09-04
R-1064,2024-12-14,Roberto Díaz,roberto.d@yahoo.com,Sí,1,Av. Reforma 123, CDMX,María García,maria.g@maven.mx,Interstellar,Sci-Fi,22.00,INV-064,5.99,2024-12-14
R-1065,2024-08-30,Roberto Díaz,roberto.d@yahoo.com,Sí,2,Blvd. Insurgentes 456, CDMX,Juan Pérez,juan.p@maven.mx,The Matrix,Sci-Fi,20.99,INV-065,4.99,2024-08-30
R-1066,2024-11-16,Carlos López,carlos.l@outlook.com,Sí,1,Av. Reforma 123, CDMX,Juan Pérez,juan.p@maven.mx,The Matrix,Sci-Fi,20.99,INV-066,5.99,2024-11-16
R-1067,2024-10-31,Roberto Díaz,roberto.d@yahoo.com,Sí,2,Blvd. Insurgentes 456, CDMX,Carlos Ruiz,carlos.r@maven.mx,Interstellar,Sci-Fi,22.00,INV-067,3.99,2024-10-31
R-1068,2024-04-21,Carlos López,carlos.l@outlook.com,Sí,1,Av. Reforma 123, CDMX,Juan Pérez,juan.p@maven.mx,Pulp Fiction,Drama,15.00,INV-068,4.99,2024-04-21
R-1069,2024-10-02,Carlos López,carlos.l@outlook.com,Sí,1,Av. Reforma 123, CDMX,Juan Pérez,juan.p@maven.mx,The Matrix,Sci-Fi,20.99,INV-069,5.99,2024-10-02
R-1070,2024-10-01,Ana Martínez,ana.m@correo.com,Sí,1,Av. Reforma 123, CDMX,Juan Pérez,juan.p@maven.mx,The Matrix,Sci-Fi,20.99,INV-070,3.99,2024-10-01
R-1071,2024-10-30,Ana Martínez,ana.m@correo.com,Sí,1,Avenida Reforma 123, CDMX,María García,maria.g@maven.mx,The Matrix,Sci-Fi,20.99,INV-071,3.99,2024-10-30
R-1072,2024-06-10,Ana Martínez,ana.m@correo.com,Sí,1,Av. Reforma 123, CDMX,Juan Pérez,juan.p@maven.mx,Fight Club,Drama,14.50,INV-072,4.99,2024-06-10
R-1073,2024-03-25,Ana Martínez,ana.m@correo.com,Sí,1,Av. Reforma 123, CDMX,Juan Pérez,juan.p@maven.mx,The Matrix,Sci-Fi,20.99,INV-073,4.99,2024-03-25
R-1074,2024-11-11,Sofía Hernández,sofia.h@gmail.com,No,1,Av. Reforma 123, CDMX,Juan Pérez,juan.p@maven.mx,Lord of the Rings,Fantasía,24.00,INV-074,3.99,2024-11-11
R-1075,2025-02-14,Ana Martínez,ana.m@correo.com,Sí,1,Av. Reforma 123, CDMX,Juan Pérez,juan.p@maven.mx,Pulp Fiction,Drama,15.00,INV-075,4.99,2025-02-14
R-1076,2024-08-27,Carlos López,carlos.l@outlook.com,Sí,2,Blvd. Insurgentes 456, CDMX,María García,maria.g@maven.mx,The Matrix,Sci-Fi,20.99,INV-076,3.99,2024-08-27
R-1077,2025-01-26,Sofía Hernández,sofia.h@gmail.com,No,2,Blvd. Insurgentes 456, CDMX,Juan Pérez,juan.p@maven.mx,The Matrix,Sci-Fi,20.99,INV-077,5.99,2025-01-26
R-1078,2024-12-28,Carlos López,carlos.l@outlook.com,Sí,2,Blvd Insurgentes 456, CDMX,María García,maria.g@maven.mx,The Matrix,Sci-Fi,20.99,INV-078,4.99,2024-12-28
R-1079,2025-02-21,Carlos López,carlos.l@outlook.com,Sí,2,Blvd. Insurgentes 456, CDMX,Juan Pérez,juan.p@maven.mx,Inception,Sci-Fi,18.50,INV-079,3.99,2025-02-21
R-1080,2024-11-22,Carlos López,carlos.l@outlook.com,Sí,1,Av. Reforma 123, CDMX,Juan Pérez,juan.p@maven.mx,Avatar,Sci-Fi,25.00,INV-080,4.99,2024-11-22
R-1081,2024-10-06,Ana Martínez,ana.m@correo.com,Sí,1,Av. Reforma 123, CDMX,María García,maria.g@maven.mx,The Matrix,Sci-Fi,20.99,INV-081,3.99,2024-10-06
R-1082,2024-07-23,Gabriela Mendoza,gabriela.m@webmail.com,Sí,2,Blvd. Insurgentes 456, CDMX,Juan Pérez,juan.p@maven.mx,The Godfather,Drama,12.99,INV-082,5.99,2024-07-23
R-1083,2024-12-21,Ana Martínez,ana.m@correo.com,Sí,1,Av. Reforma 123, CDMX,Juan Pérez,juan.p@maven.mx,The Matrix,Sci-Fi,20.99,INV-083,3.99,2024-12-21
R-1084,2024-12-20,Patricia Rojas,patricia.r@mail.com,Sí,1,Av. Reforma 123, CDMX,Juan Pérez,juan.p@maven.mx,Pulp Fiction,Drama,15.00,INV-084,3.99,2024-12-20
R-1085,2024-04-05,Carlos López,carlos.l@outlook.com,Sí,1,Av. Reforma 123, CDMX,Juan Pérez,juan.p@maven.mx,The Matrix,Sci-Fi,20.99,INV-085,4.99,2024-04-05
R-1086,2025-02-11,Ana Martínez,ana.m@correo.com,Sí,1,Av. Reforma 123, CDMX,Carlos Ruiz,carlos.r@maven.mx,The Matrix,Sci-Fi,20.99,INV-086,5.99,2025-02-11
R-1087,2024-10-24,Roberto Díaz,roberto.d@yahoo.com,Sí,1,Av. Reforma 123, CDMX,Juan Pérez,juan.p@maven.mx,The Matrix,Sci-Fi,20.99,INV-087,5.99,2024-10-24
R-1088,2024-05-23,Sofía Hernández,sofia.h@gmail.com,No,1,Av. Reforma 123, CDMX,Juan Pérez,juan.p@maven.mx,The Matrix,Sci-Fi,20.99,INV-088,3.99,2024-05-23
R-1089,2024-09-20,Sofía Hernández,sofia.h@gmail.com,No,1,Av. Reforma 123, CDMX,Juan Pérez,juan.p@maven.mx,The Matrix,Sci-Fi,20.99,INV-089,3.99,2024-09-20
R-1090,2025-03-13,Carlos López,carlos.l@outlook.com,Sí,2,Blvd. Insurgentes 456, CDMX,Juan Pérez,juan.p@maven.mx,The Matrix,Sci-Fi,20.99,INV-090,3.99,2025-03-13
R-1091,2024-03-18,Sofía Hernández,sofia.h@gmail.com,No,1,Av. Reforma 123, CDMX,Juan Pérez,juan.p@maven.mx,The Matrix,Sci-Fi,20.99,INV-091,5.99,2024-03-18
R-1092,2024-09-11,Ana Martínez,ana.m@correo.com,Sí,1,Av. Reforma 123, CDMX,Juan Pérez,juan.p@maven.mx,The Matrix,Sci-Fi,20.99,INV-092,3.99,2024-09-11
R-1093,2024-12-23,Sofía Hernández,sofia.h@gmail.com,No,2,Blvd. Insurgentes 456, CDMX,Carlos Ruiz,carlos.r@maven.mx,The Matrix,Sci-Fi,20.99,INV-093,4.99,2024-12-23
R-1094,2024-05-07,Carlos López,carlos.l@outlook.com,Sí,2,Blvd. Insurgentes 456, CDMX,María García,maria.g@maven.mx,The Matrix,Sci-Fi,20.99,INV-094,5.99,2024-05-07
R-1095,2024-07-08,Ana Martínez,ana.m@correo.com,Sí,1,Av. Reforma 123, CDMX,Carlos Ruiz,carlos.r@maven.mx,Interstellar,Sci-Fi,22.00,INV-095,4.99,2024-07-08
R-1096,2024-06-12,Ana Martínez,ana.m@correo.com,Sí,1,Av. Reforma 123, CDMX,Carlos Ruiz,carlos.r@maven.mx,Interstellar,Sci-Fi,22.00,INV-096,5.99,2024-06-12
R-1097,2025-03-02,Fernando Castro,fernando.c@inbox.com,No,1,Av. Reforma 123, CDMX,Juan Pérez,juan.p@maven.mx,Fight Club,Drama,14.50,INV-097,5.99,2025-03-02
R-1098,2024-07-22,Sofía Hernández,sofia.h@gmail.com,No,1,Av. Reforma 123, CDMX,Juan Pérez,juan.p@maven.mx,The Matrix,Sci-Fi,20.99,INV-098,3.99,2024-07-22
R-1099,2024-07-20,Sofía Hernández,sofia.h@gmail.com,No,1,Avenida Reforma 123, CDMX,Carlos Ruiz,carlos.r@maven.mx,The Matrix,Sci-Fi,20.99,INV-099,5.99,2024-07-20
R-1100,2024-06-17,Ana Martínez,ana.m@correo.com,Sí,1,Av. Reforma 123, CDMX,María García,maria.g@maven.mx,Jurassic Park,Aventura,13.50,INV-100,4.99,2024-06-17
R-1101,2024-05-01,Sofía Hernández,sofia.h@gmail.com,No,1,Av. Reforma 123, CDMX,María García,maria.g@maven.mx,Pulp Fiction,Drama,15.00,INV-101,3.99,2024-05-01
R-1102,2025-02-25,Ana Martínez,ana.m@correo.com,Sí,1,Av. Reforma 123, CDMX,María García,maria.g@maven.mx,The Matrix,Sci-Fi,20.99,INV-102,4.99,2025-02-25
R-1103,2024-07-09,Roberto Díaz,roberto.d@yahoo.com,Sí,1,Avenida Reforma 123, CDMX,Juan Pérez,juan.p@maven.mx,Pulp Fiction,Drama,15.00,INV-103,5.99,2024-07-09
R-1104,2024-03-17,Sofía Hernández,sofia.h@gmail.com,No,1,Av. Reforma 123, CDMX,María García,maria.g@maven.mx,The Matrix,Sci-Fi,20.99,INV-104,3.99,2024-03-17
R-1105,2024-06-03,Ana Martínez,ana.m@correo.com,Sí,1,Av. Reforma 123, CDMX,Juan Pérez,juan.p@maven.mx,Inception,Sci-Fi,18.50,INV-105,4.99,2024-06-03
R-1106,2024-04-01,Ana Martínez,ana.m@correo.com,Sí,2,Blvd. Insurgentes 456, CDMX,Juan Pérez,juan.p@maven.mx,Gladiator,Acción,16.75,INV-106,4.99,2024-04-01
R-1107,2025-01-24,Carlos López,carlos.l@outlook.com,Sí,1,Av. Reforma 123, CDMX,Juan Pérez,juan.p@maven.mx,Fight Club,Drama,14.50,INV-107,4.99,2025-01-24
R-1108,2025-02-09,Carlos López,carlos.l@outlook.com,Sí,1,Av. Reforma 123, CDMX,María García,maria.g@maven.mx,Pulp Fiction,Drama,15.00,INV-108,4.99,2025-02-09
R-1109,2024-04-01,Carlos López,carlos.l@outlook.com,Sí,2,Blvd. Insurgentes 456, CDMX,María García,maria.g@maven.mx,The Matrix,Sci-Fi,20.99,INV-109,3.99,2024-04-01
R-1110,2024-03-15,Ana Martínez,ana.m@correo.com,Sí,1,Av. Reforma 123, CDMX,Juan Pérez,juan.p@maven.mx,The Matrix,Sci-Fi,20.99,INV-110,3.99,2024-03-15
R-1111,2024-07-30,Ana Martínez,ana.m@correo.com,Sí,1,Av. Reforma 123, CDMX,María García,maria.g@maven.mx,Interstellar,Sci-Fi,22.00,INV-111,4.99,2024-07-30
R-1112,2024-04-25,Ana Martínez,ana.m@correo.com,Sí,1,Av. Reforma 123, CDMX,Juan Pérez,juan.p@maven.mx,The Matrix,Sci-Fi,20.99,INV-112,5.99,2024-04-25
R-1113,2025-01-13,Ana Martínez,ana.m@correo.com,Sí,1,Av. Reforma 123, CDMX,Juan Pérez,juan.p@maven.mx,Inception,Sci-Fi,18.50,INV-113,4.99,2025-01-13
R-1114,2024-11-10,Roberto Díaz,roberto.d@yahoo.com,Sí,2,Blvd. Insurgentes 456, CDMX,María García,maria.g@maven.mx,Interstellar,Sci-Fi,22.00,INV-114,5.99,2024-11-10
R-1115,2024-08-16,Ana Martínez,ana.m@correo.com,Sí,1,Avenida Reforma 123, CDMX,Juan Pérez,juan.p@maven.mx,Interstellar,Sci-Fi,22.00,INV-115,4.99,2024-08-16
R-1116,2024-05-09,Ana Martínez,ana.m@correo.com,Sí,1,Av. Reforma 123, CDMX,Juan Pérez,juan.p@maven.mx,Interstellar,Sci-Fi,22.00,INV-116,4.99,2024-05-09
R-1117,2024-10-27,Ana Martínez,ana.m@correo.com,Sí,2,Blvd. Insurgentes 456, CDMX,María García,maria.g@maven.mx,The Matrix,Sci-Fi,20.99,INV-117,5.99,2024-10-27
R-1118,2024-08-06,Roberto Díaz,roberto.d@yahoo.com,Sí,1,Av. Reforma 123, CDMX,Juan Pérez,juan.p@maven.mx,The Matrix,Sci-Fi,20.99,INV-118,4.99,2024-08-06
R-1119,2024-06-30,Sofía Hernández,sofia.h@gmail.com,No,1,Av. Reforma 123, CDMX,Carlos Ruiz,carlos.r@maven.mx,Inception,Sci-Fi,18.50,INV-119,5.99,2024-06-30
R-1120,2024-05-27,Carlos López,carlos.l@outlook.com,Sí,2,Blvd. Insurgentes 456, CDMX,Juan Pérez,juan.p@maven.mx,Inception,Sci-Fi,18.50,INV-120,3.99,2024-05-27
R-1121,2024-06-25,Ana Martínez,ana.m@correo.com,Sí,2,Blvd. Insurgentes 456, CDMX,María García,maria.g@maven.mx,Pulp Fiction,Drama,15.00,INV-121,4.99,2024-06-25
R-1122,2024-10-09,Ana Martínez,ana.m@correo.com,Sí,1,Av. Reforma 123, CDMX,Carlos Ruiz,carlos.r@maven.mx,The Matrix,Sci-Fi,20.99,INV-122,3.99,2024-10-09
R-1123,2024-07-27,Sofía Hernández,sofia.h@gmail.com,No,2,Blvd. Insurgentes 456, CDMX,Juan Pérez,juan.p@maven.mx,Inception,Sci-Fi,18.50,INV-123,3.99,2024-07-27
R-1124,2024-06-10,Sofía Hernández,sofia.h@gmail.com,No,1,Av. Reforma 123, CDMX,María García,maria.g@maven.mx,Inception,Sci-Fi,18.50,INV-124,4.99,2024-06-10
R-1125,2024-08-11,Ana Martínez,ana.m@correo.com,Sí,1,Av. Reforma 123, CDMX,Juan Pérez,juan.p@maven.mx,The Matrix,Sci-Fi,20.99,INV-125,4.99,2024-08-11
R-1126,2024-12-02,Ana Martínez,ana.m@correo.com,Sí,1,Avenida Reforma 123, CDMX,Juan Pérez,juan.p@maven.mx,Inception,Sci-Fi,18.50,INV-126,4.99,2024-12-02
R-1127,2024-10-21,Sofía Hernández,sofia.h@gmail.com,No,1,Av. Reforma 123, CDMX,Juan Pérez,juan.p@maven.mx,The Shawshank Redemption,Drama,19.00,INV-127,4.99,2024-10-21
R-1128,2024-05-08,Ana Martínez,ana.m@correo.com,Sí,2,Blvd. Insurgentes 456, CDMX,Carlos Ruiz,carlos.r@maven.mx,Pulp Fiction,Drama,15.00,INV-128,5.99,2024-05-08
R-1129,2024-09-04,Ana Martínez,ana.m@correo.com,Sí,1,Av. Reforma 123, CDMX,Juan Pérez,juan.p@maven.mx,Lord of the Rings,Fantasía,24.00,INV-129,3.99,2024-09-04
R-1130,2025-02-17,carlos lópez,carlos.l@outlook.com,Sí,1,Av. Reforma 123, CDMX,Carlos Ruiz,carlos.r@maven.mx,Titanic,Romance,19.99,INV-130,3.99,2025-02-17
R-1131,2024-06-07,Ana Martínez,ana.m@correo.com,Sí,1,Av. Reforma 123, CDMX,Juan Pérez,juan.p@maven.mx,The Matrix,Sci-Fi,20.99,INV-131,4.99,2024-06-07
R-1132,2024-06-17,Sofía Hernández,sofia.h@gmail.com,No,2,Blvd. Insurgentes 456, CDMX,María García,maria.g@maven.mx,Inception,Sci-Fi,18.50,INV-132,3.99,2024-06-17
R-1133,2024-06-18,Carlos López,carlos.l@outlook.com,Sí,1,Av. Reforma 123, CDMX,Carlos Ruiz,carlos.r@maven.mx,The Matrix,Sci-Fi,20.99,INV-133,3.99,2024-06-18
R-1134,2024-08-13,Ana Martínez,ana.m@correo.com,Sí,1,Av. Reforma 123, CDMX,María García,maria.g@maven.mx,Pulp Fiction,Drama,15.00,INV-134,4.99,2024-08-13
R-1135,2024-05-14,Ana Martínez,ana.m@correo.com,Sí,1,Av. Reforma 123, CDMX,María García,maria.g@maven.mx,Interstellar,Sci-Fi,22.00,INV-135,3.99,2024-05-14
R-1136,2024-05-17,Ana Martínez,ana.m@correo.com,Sí,2,Blvd. Insurgentes 456, CDMX,Juan Pérez,juan.p@maven.mx,Interstellar,Sci-Fi,22.00,INV-136,4.99,2024-05-17
R-1137,2024-03-20,Ana Martínez,ana.m@correo.com,Sí,1,Av. Reforma 123, CDMX,Juan Pérez,juan.p@maven.mx,Interstellar,Sci-Fi,22.00,INV-137,3.99,2024-03-20
R-1138,2024-07-05,Carlos López,carlos.l@outlook.com,Sí,2,Blvd. Insurgentes 456, CDMX,Carlos Ruiz,carlos.r@maven.mx,Star Wars,Sci-Fi,21.00,INV-138,4.99,2024-07-05
R-1139,2024-10-05,carlos lópez,carlos.l@outlook.com,Sí,1,Av. Reforma 123, CDMX,Juan Pérez,juan.p@maven.mx,Interstellar,Sci-Fi,22.00,INV-139,3.99,2024-10-05
R-1140,2024-04-13,Sofía Hernández,sofia.h@gmail.com,No,1,Av. Reforma 123, CDMX,Juan Pérez,juan.p@maven.mx,Schindler's List,Drama,17.50,INV-140,4.99,2024-04-13
R-1141,2024-04-14,Patricia Rojas,patricia.r@mail.com,Sí,2,Blvd. Insurgentes 456, CDMX,María García,maria.g@maven.mx,The Matrix,Sci-Fi,20.99,INV-141,3.99,2024-04-14
R-1142,2025-01-16,Ana Martínez,ana.m@correo.com,Sí,1,Av. Reforma 123, CDMX,María García,maria.g@maven.mx,Interstellar,Sci-Fi,22.00,INV-142,4.99,2025-01-16
R-1143,2024-08-26,Carlos López,carlos.l@outlook.com,Sí,2,Blvd. Insurgentes 456, CDMX,Carlos Ruiz,carlos.r@maven.mx,Fight Club,Drama,14.50,INV-143,3.99,2024-08-26
R-1144,2024-06-26,carlos lópez,carlos.l@outlook.com,Sí,1,Av. Reforma 123, CDMX,María García,maria.g@maven.mx,The Matrix,Sci-Fi,20.99,INV-144,5.99,2024-06-26
R-1145,2025-01-31,Carlos López,carlos.l@outlook.com,Sí,1,Av. Reforma 123, CDMX,María García,maria.g@maven.mx,The Matrix,Sci-Fi,20.99,INV-145,4.99,2025-01-31
R-1146,2024-04-27,Miguel Ángel,miguel.a@proton.me,Sí,1,Avenida Reforma 123, CDMX,Juan Pérez,juan.p@maven.mx,Inception,Sci-Fi,18.50,INV-146,4.99,2024-04-27
R-1147,2024-12-28,Roberto Díaz,roberto.d@yahoo.com,Sí,2,Blvd. Insurgentes 456, CDMX,María García,maria.g@maven.mx,The Matrix,Sci-Fi,20.99,INV-147,5.99,2024-12-28
R-1148,2024-08-28,Carlos López,carlos.l@outlook.com,Sí,1,Av. Reforma 123, CDMX,Juan Pérez,juan.p@maven.mx,Interstellar,Sci-Fi,22.00,INV-148,3.99,2024-08-28
R-1149,2024-09-23,Carlos López,carlos.l@outlook.com,Sí,1,Av. Reforma 123, CDMX,Juan Pérez,juan.p@maven.mx,Pulp Fiction,Drama,15.00,INV-149,5.99,2024-09-23
R-1150,2025-01-14,Sofía Hernández,sofia.h@gmail.com,No,1,Av. Reforma 123, CDMX,Juan Pérez,juan.p@maven.mx,Forrest Gump,Drama,11.99,INV-150,3.99,2025-01-14
R-1151,2024-08-09,Carlos López,carlos.l@outlook.com,Sí,1,Av. Reforma 123, CDMX,Juan Pérez,juan.p@maven.mx,Pulp Fiction,Drama,15.00,INV-151,5.99,2024-08-09
R-1152,2024-03-22,Ana Martínez,ana.m@correo.com,Sí,1,Av. Reforma 123, CDMX,Juan Pérez,juan.p@maven.mx,Inception,Sci-Fi,18.50,INV-152,4.99,2024-03-22
R-1153,2024-08-14,Ana Martínez,ana.m@correo.com,Sí,1,Av. Reforma 123, CDMX,Juan Pérez,juan.p@maven.mx,Interstellar,Sci-Fi,22.00,INV-153,4.99,2024-08-14
R-1154,2025-02-06,Ana Martínez,ana.m@correo.com,Sí,1,Av. Reforma 123, CDMX,Carlos Ruiz,carlos.r@maven.mx,Pulp Fiction,Drama,15.00,INV-154,4.99,2025-02-06
R-1155,2024-07-24,Ana Martínez,ana.m@correo.com,Sí,1,Av. Reforma 123, CDMX,Juan Pérez,juan.p@maven.mx,Pulp Fiction,Drama,15.00,INV-155,4.99,2024-07-24
R-1156,2024-12-12,Fernando Castro,fernando.c@inbox.com,No,2,Blvd. Insurgentes 456, CDMX,Juan Pérez,juan.p@maven.mx,The Matrix,Sci-Fi,20.99,INV-156,4.99,2024-12-12
R-1157,2024-10-27,Carlos López,carlos.l@outlook.com,Sí,2,Blvd Insurgentes 456, CDMX,Juan Pérez,juan.p@maven.mx,Pulp Fiction,Drama,15.00,INV-157,5.99,2024-10-27
R-1158,2024-09-30,Ana Martínez,ana.m@correo.com,Sí,2,Blvd. Insurgentes 456, CDMX,Juan Pérez,juan.p@maven.mx,The Matrix,Sci-Fi,20.99,INV-158,4.99,2024-09-30
R-1159,2024-12-22,Carlos López,carlos.l@outlook.com,Sí,2,Blvd. Insurgentes 456, CDMX,Juan Pérez,juan.p@maven.mx,The Matrix,Sci-Fi,20.99,INV-159,4.99,2024-12-22
R-1160,2025-01-02,Carlos López,carlos.l@outlook.com,Sí,1,Av. Reforma 123, CDMX,Carlos Ruiz,carlos.r@maven.mx,Fight Club,Drama,14.50,INV-160,5.99,2025-01-02
R-1161,2025-01-05,Carmen Vega,carmen.v@live.com,No,2,Blvd. Insurgentes 456, CDMX,María García,maria.g@maven.mx,Pulp Fiction,Drama,15.00,INV-161,4.99,2025-01-05
R-1162,2025-02-27,Ana Martínez,ana.m@correo.com,Sí,1,Av. Reforma 123, CDMX,Juan Pérez,juan.p@maven.mx,Inception,Sci-Fi,18.50,INV-162,4.99,2025-02-27
R-1163,2024-10-11,Ana Martínez,ana.m@correo.com,Sí,2,Blvd. Insurgentes 456, CDMX,María García,maria.g@maven.mx,Forrest Gump,Drama,11.99,INV-163,5.99,2024-10-11
R-1164,2024-09-21,Carlos López,carlos.l@outlook.com,Sí,1,Av. Reforma 123, CDMX,Juan Pérez,juan.p@maven.mx,The Matrix,Sci-Fi,20.99,INV-164,5.99,2024-09-21
R-1165,2024-04-09,Carlos López,carlos.l@outlook.com,Sí,2,Blvd Insurgentes 456, CDMX,Carlos Ruiz,carlos.r@maven.mx,Star Wars,Sci-Fi,21.00,INV-165,3.99,2024-04-09
R-1166,2024-12-05,Ana Martínez,ana.m@correo.com,Sí,1,Av. Reforma 123, CDMX,Juan Pérez,juan.p@maven.mx,Interstellar,Sci-Fi,22.00,INV-166,3.99,2024-12-05
R-1167,2024-08-19,carmen vega,carmen.v@live.com,No,1,Av. Reforma 123, CDMX,Juan Pérez,juan.p@maven.mx,Lord of the Rings,Fantasía,24.00,INV-167,5.99,2024-08-19
R-1168,2024-10-21,Carlos López,carlos.l@outlook.com,Sí,1,Av. Reforma 123, CDMX,Juan Pérez,juan.p@maven.mx,Fight Club,Drama,14.50,INV-168,3.99,2024-10-21
R-1169,2024-10-29,Sofía Hernández,sofia.h@gmail.com,No,2,Blvd. Insurgentes 456, CDMX,Juan Pérez,juan.p@maven.mx,The Matrix,Sci-Fi,20.99,INV-169,5.99,2024-10-29
R-1170,2024-05-08,Carlos López,carlos.l@outlook.com,Sí,1,Av. Reforma 123, CDMX,Juan Pérez,juan.p@maven.mx,The Matrix,Sci-Fi,20.99,INV-170,5.99,2024-05-08
R-1171,2024-05-26,Sofía Hernández,sofia.h@gmail.com,No,1,Av. Reforma 123, CDMX,María García,maria.g@maven.mx,The Godfather,Drama,12.99,INV-171,3.99,2024-05-26
R-1172,2025-01-08,Roberto Díaz,roberto.d@yahoo.com,Sí,1,Av. Reforma 123, CDMX,Juan Pérez,juan.p@maven.mx,The Matrix,Sci-Fi,20.99,INV-172,3.99,2025-01-08
R-1173,2024-10-22,Carlos López,carlos.l@outlook.com,Sí,2,Blvd. Insurgentes 456, CDMX,Juan Pérez,juan.p@maven.mx,Interstellar,Sci-Fi,22.00,INV-173,4.99,2024-10-22
R-1174,2024-12-30,Carlos López,carlos.l@outlook.com,Sí,2,Blvd Insurgentes 456, CDMX,Juan Pérez,juan.p@maven.mx,The Matrix,Sci-Fi,20.99,INV-174,4.99,2024-12-30
R-1175,2024-04-24,Ana Martínez,ana.m@correo.com,Sí,1,Av. Reforma 123, CDMX,Juan Pérez,juan.p@maven.mx,Lord of the Rings,Fantasía,24.00,INV-175,5.99,2024-04-24
R-1176,2024-05-08,Ana Martínez,ana.m@correo.com,Sí,2,Blvd. Insurgentes 456, CDMX,Juan Pérez,juan.p@maven.mx,The Matrix,Sci-Fi,20.99,INV-176,4.99,2024-05-08
R-1177,2024-10-02,Ana Martínez,ana.m@correo.com,Sí,1,Av. Reforma 123, CDMX,Juan Pérez,juan.p@maven.mx,The Matrix,Sci-Fi,20.99,INV-177,3.99,2024-10-02
R-1178,2025-02-25,Carlos López,carlos.l@outlook.com,Sí,1,Av. Reforma 123, CDMX,Juan Pérez,juan.p@maven.mx,Inception,Sci-Fi,18.50,INV-178,5.99,2025-02-25
R-1179,2025-03-08,Ana Martínez,ana.m@correo.com,Sí,2,Blvd. Insurgentes 456, CDMX,María García,maria.g@maven.mx,Interstellar,Sci-Fi,22.00,INV-179,3.99,2025-03-08
R-1180,2024-06-20,Ana Martínez,ana.m@correo.com,Sí,2,Blvd. Insurgentes 456, CDMX,María García,maria.g@maven.mx,The Matrix,Sci-Fi,20.99,INV-180,4.99,2024-06-20
R-1181,2024-11-01,Ana Martínez,ana.m@correo.com,Sí,1,Avenida Reforma 123, CDMX,Juan Pérez,juan.p@maven.mx,The Matrix,Sci-Fi,20.99,INV-181,5.99,2024-11-01
R-1182,2025-03-05,Roberto Díaz,roberto.d@yahoo.com,Sí,2,Blvd. Insurgentes 456, CDMX,María García,maria.g@maven.mx,Inception,Sci-Fi,18.50,INV-182,5.99,2025-03-05
R-1183,2024-09-28,Sofía Hernández,sofia.h@gmail.com,No,1,Av. Reforma 123, CDMX,María García,maria.g@maven.mx,Inception,Sci-Fi,18.50,INV-183,4.99,2024-09-28
R-1184,2024-08-26,Ana Martínez,ana.m@correo.com,Sí,1,Av. Reforma 123, CDMX,María García,maria.g@maven.mx,Inception,Sci-Fi,18.50,INV-184,3.99,2024-08-26
R-1185,2024-12-20,Ana Martínez,ana.m@correo.com,Sí,1,Av. Reforma 123, CDMX,Juan Pérez,juan.p@maven.mx,The Matrix,Sci-Fi,20.99,INV-185,4.99,2024-12-20
R-1186,2024-07-28,Ana Martínez,ana.m@correo.com,Sí,2,Blvd. Insurgentes 456, CDMX,María García,maria.g@maven.mx,The Matrix,Sci-Fi,20.99,INV-186,5.99,2024-07-28
R-1187,2024-07-08,Carlos López,carlos.l@outlook.com,Sí,1,Avenida Reforma 123, CDMX,Carlos Ruiz,carlos.r@maven.mx,Inception,Sci-Fi,18.50,INV-187,4.99,2024-07-08
R-1188,2024-12-09,Ana Martínez,ana.m@correo.com,Sí,2,Blvd. Insurgentes 456, CDMX,Juan Pérez,juan.p@maven.mx,The Matrix,Sci-Fi,20.99,INV-188,3.99,2024-12-09
R-1189,2024-03-26,Sofía Hernández,sofia.h@gmail.com,No,1,Av. Reforma 123, CDMX,Juan Pérez,juan.p@maven.mx,Inception,Sci-Fi,18.50,INV-189,5.99,2024-03-26
R-1190,2025-01-29,Carlos López,carlos.l@outlook.com,Sí,2,Blvd. Insurgentes 456, CDMX,María García,maria.g@maven.mx,The Matrix,Sci-Fi,20.99,INV-190,4.99,2025-01-29
R-1191,2024-04-23,miguel Ángel,miguel.a@proton.me,Sí,1,Av. Reforma 123, CDMX,Juan Pérez,juan.p@maven.mx,The Matrix,Sci-Fi,20.99,INV-191,4.99,2024-04-23
R-1192,2024-07-07,Carlos López,carlos.l@outlook.com,Sí,1,Avenida Reforma 123, CDMX,Juan Pérez,juan.p@maven.mx,The Matrix,Sci-Fi,20.99,INV-192,3.99,2024-07-07
R-1193,2024-05-23,Carlos López,carlos.l@outlook.com,Sí,1,Avenida Reforma 123, CDMX,Juan Pérez,juan.p@maven.mx,Forrest Gump,Drama,11.99,INV-193,5.99,2024-05-23
R-1194,2025-03-10,Carlos López,carlos.l@outlook.com,Sí,1,Av. Reforma 123, CDMX,Carlos Ruiz,carlos.r@maven.mx,Interstellar,Sci-Fi,22.00,INV-194,5.99,2025-03-10
R-1195,2025-02-19,Roberto Díaz,roberto.d@yahoo.com,Sí,2,Blvd. Insurgentes 456, CDMX,Juan Pérez,juan.p@maven.mx,Fight Club,Drama,14.50,INV-195,4.99,2025-02-19
R-1196,2025-03-13,Ana Martínez,ana.m@correo.com,Sí,2,Blvd. Insurgentes 456, CDMX,María García,maria.g@maven.mx,The Matrix,Sci-Fi,20.99,INV-196,5.99,2025-03-13
R-1197,2024-05-04,Ana Martínez,ana.m@correo.com,Sí,2,Blvd Insurgentes 456, CDMX,Juan Pérez,juan.p@maven.mx,Pulp Fiction,Drama,15.00,INV-197,3.99,2024-05-04
R-1198,2024-10-25,Carlos López,carlos.l@outlook.com,Sí,2,Blvd. Insurgentes 456, CDMX,María García,maria.g@maven.mx,Star Wars,Sci-Fi,21.00,INV-198,4.99,2024-10-25
R-1199,2024-10-20,Ana Martínez,ana.m@correo.com,Sí,1,Av. Reforma 123, CDMX,Juan Pérez,juan.p@maven.mx,The Matrix,Sci-Fi,20.99,INV-199,4.99,2024-10-20
R-1200,2024-08-11,Ana Martínez,ana.m@correo.com,Sí,1,Av. Reforma 123, CDMX,María García,maria.g@maven.mx,Interstellar,Sci-Fi,22.00,INV-200,4.99,2024-08-11
R-1201,2024-03-23,Sofía Hernández,sofia.h@gmail.com,No,1,Av. Reforma 123, CDMX,María García,maria.g@maven.mx,Inception,Sci-Fi,18.50,INV-201,4.99,2024-03-23
R-1202,2024-07-28,Carlos López,carlos.l@outlook.com,Sí,2,Blvd Insurgentes 456, CDMX,Carlos Ruiz,carlos.r@maven.mx,The Matrix,Sci-Fi,20.99,INV-202,3.99,2024-07-28
R-1203,2025-03-04,Carlos López,carlos.l@outlook.com,Sí,1,Av. Reforma 123, CDMX,Juan Pérez,juan.p@maven.mx,Avatar,Sci-Fi,25.00,INV-203,3.99,2025-03-04
R-1204,2024-12-19,Carlos López,carlos.l@outlook.com,Sí,1,Av. Reforma 123, CDMX,Juan Pérez,juan.p@maven.mx,The Matrix,Sci-Fi,20.99,INV-204,3.99,2024-12-19
R-1205,2024-09-05,Ana Martínez,ana.m@correo.com,Sí,2,Blvd. Insurgentes 456, CDMX,Juan Pérez,juan.p@maven.mx,Inception,Sci-Fi,18.50,INV-205,4.99,2024-09-05
R-1206,2024-05-30,Ana Martínez,ana.m@correo.com,Sí,1,Av. Reforma 123, CDMX,Carlos Ruiz,carlos.r@maven.mx,Schindler's List,Drama,17.50,INV-206,4.99,2024-05-30
R-1207,2024-04-23,Ana Martínez,ana.m@correo.com,Sí,1,Av. Reforma 123, CDMX,Juan Pérez,juan.p@maven.mx,Pulp Fiction,Drama,15.00,INV-207,4.99,2024-04-23
R-1208,2025-01-16,Carlos López,carlos.l@outlook.com,Sí,1,Avenida Reforma 123, CDMX,Juan Pérez,juan.p@maven.mx,The Matrix,Sci-Fi,20.99,INV-208,5.99,2025-01-16
R-1209,2024-11-22,Sofía Hernández,sofia.h@gmail.com,No,1,Av. Reforma 123, CDMX,Juan Pérez,juan.p@maven.mx,The Matrix,Sci-Fi,20.99,INV-209,3.99,2024-11-22
R-1210,2024-04-20,Ana Martínez,ana.m@correo.com,Sí,1,Av. Reforma 123, CDMX,Juan Pérez,juan.p@maven.mx,The Matrix,Sci-Fi,20.99,INV-210,3.99,2024-04-20
R-1211,2024-11-10,Carlos López,carlos.l@outlook.com,Sí,1,Av. Reforma 123, CDMX,Juan Pérez,juan.p@maven.mx,Inception,Sci-Fi,18.50,INV-211,5.99,2024-11-10
R-1212,2024-11-14,Ana Martínez,ana.m@correo.com,Sí,1,Avenida Reforma 123, CDMX,Juan Pérez,juan.p@maven.mx,Jurassic Park,Aventura,13.50,INV-212,5.99,2024-11-14
R-1213,2024-11-09,Roberto Díaz,roberto.d@yahoo.com,Sí,1,Av. Reforma 123, CDMX,María García,maria.g@maven.mx,Pulp Fiction,Drama,15.00,INV-213,5.99,2024-11-09
R-1214,2024-05-10,Patricia Rojas,patricia.r@mail.com,Sí,1,Av. Reforma 123, CDMX,Juan Pérez,juan.p@maven.mx,Inception,Sci-Fi,18.50,INV-214,3.99,2024-05-10
R-1215,2024-09-21,Ana Martínez,ana.m@correo.com,Sí,1,Av. Reforma 123, CDMX,Carlos Ruiz,carlos.r@maven.mx,Pulp Fiction,Drama,15.00,INV-215,4.99,2024-09-21
R-1216,2024-07-31,Sofía Hernández,sofia.h@gmail.com,No,1,Avenida Reforma 123, CDMX,María García,maria.g@maven.mx,Pulp Fiction,Drama,15.00,INV-216,5.99,2024-07-31
R-1217,2024-09-03,Ana Martínez,ana.m@correo.com,Sí,1,Av. Reforma 123, CDMX,Carlos Ruiz,carlos.r@maven.mx,Inception,Sci-Fi,18.50,INV-217,5.99,2024-09-03
R-1218,2024-05-04,Ana Martínez,ana.m@correo.com,Sí,1,Av. Reforma 123, CDMX,Juan Pérez,juan.p@maven.mx,Inception,Sci-Fi,18.50,INV-218,3.99,2024-05-04
R-1219,2024-09-17,Ana Martínez,ana.m@correo.com,Sí,1,Avenida Reforma 123, CDMX,Juan Pérez,juan.p@maven.mx,Gladiator,Acción,16.75,INV-219,3.99,2024-09-17
R-1220,2024-06-15,Ana Martínez,ana.m@correo.com,Sí,1,Av. Reforma 123, CDMX,Juan Pérez,juan.p@maven.mx,The Matrix,Sci-Fi,20.99,INV-220,4.99,2024-06-15
R-1221,2024-07-20,Sofía Hernández,sofia.h@gmail.com,No,1,Avenida Reforma 123, CDMX,Juan Pérez,juan.p@maven.mx,Fight Club,Drama,14.50,INV-221,3.99,2024-07-20
R-1222,2024-04-29,Roberto Díaz,roberto.d@yahoo.com,Sí,1,Av. Reforma 123, CDMX,Juan Pérez,juan.p@maven.mx,Inception,Sci-Fi,18.50,INV-222,3.99,2024-04-29
R-1223,2024-04-13,Carlos López,carlos.l@outlook.com,Sí,2,Blvd. Insurgentes 456, CDMX,Juan Pérez,juan.p@maven.mx,Gladiator,Acción,16.75,INV-223,3.99,2024-04-13
R-1224,2024-07-18,Carlos López,carlos.l@outlook.com,Sí,1,Av. Reforma 123, CDMX,María García,maria.g@maven.mx,The Matrix,Sci-Fi,20.99,INV-224,4.99,2024-07-18
R-1225,2024-08-17,Luis Torres,luis.t@hotmail.com,Sí,1,Av. Reforma 123, CDMX,María García,maria.g@maven.mx,Pulp Fiction,Drama,15.00,INV-225,5.99,2024-08-17
R-1226,2024-08-17,Carlos López,carlos.l@outlook.com,Sí,1,Av. Reforma 123, CDMX,Juan Pérez,juan.p@maven.mx,The Matrix,Sci-Fi,20.99,INV-226,4.99,2024-08-17
R-1227,2024-11-24,Ana Martínez,ana.m@correo.com,Sí,1,Av. Reforma 123, CDMX,María García,maria.g@maven.mx,Interstellar,Sci-Fi,22.00,INV-227,3.99,2024-11-24
R-1228,2025-02-28,Sofía Hernández,sofia.h@gmail.com,No,1,Av. Reforma 123, CDMX,Juan Pérez,juan.p@maven.mx,The Matrix,Sci-Fi,20.99,INV-228,4.99,2025-02-28
R-1229,2025-02-14,Ana Martínez,ana.m@correo.com,Sí,1,Av. Reforma 123, CDMX,Juan Pérez,juan.p@maven.mx,Schindler's List,Drama,17.50,INV-229,5.99,2025-02-14
R-1230,2025-01-20,Carlos López,carlos.l@outlook.com,Sí,1,Avenida Reforma 123, CDMX,Carlos Ruiz,carlos.r@maven.mx,Pulp Fiction,Drama,15.00,INV-230,5.99,2025-01-20
R-1231,2024-04-10,Carlos López,carlos.l@outlook.com,Sí,2,Blvd. Insurgentes 456, CDMX,Juan Pérez,juan.p@maven.mx,The Matrix,Sci-Fi,20.99,INV-231,3.99,2024-04-10
R-1232,2024-10-18,Patricia Rojas,patricia.r@mail.com,Sí,1,Av. Reforma 123, CDMX,María García,maria.g@maven.mx,The Shawshank Redemption,Drama,19.00,INV-232,4.99,2024-10-18
R-1233,2024-03-20,sofía hernández,sofia.h@gmail.com,No,1,Avenida Reforma 123, CDMX,María García,maria.g@maven.mx,Interstellar,Sci-Fi,22.00,INV-233,5.99,2024-03-20
R-1234,2024-11-21,Ana Martínez,ana.m@correo.com,Sí,1,Av. Reforma 123, CDMX,Juan Pérez,juan.p@maven.mx,Interstellar,Sci-Fi,22.00,INV-234,4.99,2024-11-21
R-1235,2024-09-20,Roberto Díaz,roberto.d@yahoo.com,Sí,1,Av. Reforma 123, CDMX,Juan Pérez,juan.p@maven.mx,Pulp Fiction,Drama,15.00,INV-235,4.99,2024-09-20
R-1236,2024-06-15,Carlos López,carlos.l@outlook.com,Sí,1,Av. Reforma 123, CDMX,Juan Pérez,juan.p@maven.mx,The Matrix,Sci-Fi,20.99,INV-236,3.99,2024-06-15
R-1237,2024-07-03,Ana Martínez,ana.m@correo.com,Sí,2,Blvd. Insurgentes 456, CDMX,Juan Pérez,juan.p@maven.mx,Inception,Sci-Fi,18.50,INV-237,4.99,2024-07-03
R-1238,2024-06-08,Ana Martínez,ana.m@correo.com,Sí,1,Av. Reforma 123, CDMX,María García,maria.g@maven.mx,Gladiator,Acción,16.75,INV-238,5.99,2024-06-08
R-1239,2024-04-16,Roberto Díaz,roberto.d@yahoo.com,Sí,1,Av. Reforma 123, CDMX,Juan Pérez,juan.p@maven.mx,The Matrix,Sci-Fi,20.99,INV-239,3.99,2024-04-16
R-1240,2025-01-12,Carlos López,carlos.l@outlook.com,Sí,1,Avenida Reforma 123, CDMX,Carlos Ruiz,carlos.r@maven.mx,Pulp Fiction,Drama,15.00,INV-240,4.99,2025-01-12
R-1241,2025-02-11,Sofía Hernández,sofia.h@gmail.com,No,1,Av. Reforma 123, CDMX,Juan Pérez,juan.p@maven.mx,Fight Club,Drama,14.50,INV-241,3.99,2025-02-11
R-1242,2025-01-23,Carlos López,carlos.l@outlook.com,Sí,1,Av. Reforma 123, CDMX,Juan Pérez,juan.p@maven.mx,The Shawshank Redemption,Drama,19.00,INV-242,4.99,2025-01-23
R-1243,2024-11-14,Ana Martínez,ana.m@correo.com,Sí,2,Blvd. Insurgentes 456, CDMX,Carlos Ruiz,carlos.r@maven.mx,The Shawshank Redemption,Drama,19.00,INV-243,4.99,2024-11-14
R-1244,2024-07-23,Sofía Hernández,sofia.h@gmail.com,No,1,Av. Reforma 123, CDMX,María García,maria.g@maven.mx,Lord of the Rings,Fantasía,24.00,INV-244,4.99,2024-07-23
R-1245,2024-08-20,Ana Martínez,ana.m@correo.com,Sí,1,Av. Reforma 123, CDMX,Juan Pérez,juan.p@maven.mx,Pulp Fiction,Drama,15.00,INV-245,3.99,2024-08-20
R-1246,2024-10-13,Roberto Díaz,roberto.d@yahoo.com,Sí,1,Av. Reforma 123, CDMX,Juan Pérez,juan.p@maven.mx,Jurassic Park,Aventura,13.50,INV-246,3.99,2024-10-13
R-1247,2024-06-01,Miguel Ángel,miguel.a@proton.me,Sí,1,Av. Reforma 123, CDMX,María García,maria.g@maven.mx,The Matrix,Sci-Fi,20.99,INV-247,4.99,2024-06-01
R-1248,2024-06-21,Ana Martínez,ana.m@correo.com,Sí,2,Blvd. Insurgentes 456, CDMX,Juan Pérez,juan.p@maven.mx,The Matrix,Sci-Fi,20.99,INV-248,5.99,2024-06-21
R-1249,2024-09-17,Ana Martínez,ana.m@correo.com,Sí,2,Blvd. Insurgentes 456, CDMX,María García,maria.g@maven.mx,The Matrix,Sci-Fi,20.99,INV-249,4.99,2024-09-17
R-1250,2024-09-04,Ana Martínez,ana.m@correo.com,Sí,1,Av. Reforma 123, CDMX,María García,maria.g@maven.mx,Avatar,Sci-Fi,25.00,INV-250,4.99,2024-09-04
R-1251,2024-06-17,Carlos López,carlos.l@outlook.com,Sí,1,Av. Reforma 123, CDMX,Juan Pérez,juan.p@maven.mx,Jurassic Park,Aventura,13.50,INV-251,3.99,2024-06-17
R-1252,2024-08-08,Ana Martínez,ana.m@correo.com,Sí,2,Blvd. Insurgentes 456, CDMX,Juan Pérez,juan.p@maven.mx,The Matrix,Sci-Fi,20.99,INV-252,5.99,2024-08-08
R-1253,2024-12-06,Roberto Díaz,roberto.d@yahoo.com,Sí,1,Av. Reforma 123, CDMX,Carlos Ruiz,carlos.r@maven.mx,Inception,Sci-Fi,18.50,INV-253,3.99,2024-12-06
R-1254,2024-10-25,Ana Martínez,ana.m@correo.com,Sí,1,Av. Reforma 123, CDMX,Juan Pérez,juan.p@maven.mx,The Matrix,Sci-Fi,20.99,INV-254,4.99,2024-10-25
R-1255,2024-09-24,Sofía Hernández,sofia.h@gmail.com,No,2,Blvd. Insurgentes 456, CDMX,Juan Pérez,juan.p@maven.mx,The Matrix,Sci-Fi,20.99,INV-255,5.99,2024-09-24
R-1256,2024-07-24,Carlos López,carlos.l@outlook.com,Sí,1,Av. Reforma 123, CDMX,Juan Pérez,juan.p@maven.mx,Inception,Sci-Fi,18.50,INV-256,4.99,2024-07-24
R-1257,2024-08-05,Sofía Hernández,sofia.h@gmail.com,No,1,Av. Reforma 123, CDMX,María García,maria.g@maven.mx,The Matrix,Sci-Fi,20.99,INV-257,4.99,2024-08-05
R-1258,2024-06-23,Miguel Ángel,miguel.a@proton.me,Sí,1,Av. Reforma 123, CDMX,María García,maria.g@maven.mx,The Matrix,Sci-Fi,20.99,INV-258,5.99,2024-06-23
R-1259,2025-02-28,Ana Martínez,ana.m@correo.com,Sí,1,Avenida Reforma 123, CDMX,Juan Pérez,juan.p@maven.mx,Inception,Sci-Fi,18.50,INV-259,3.99,2025-02-28
R-1260,2024-10-31,Carlos López,carlos.l@outlook.com,Sí,1,Av. Reforma 123, CDMX,María García,maria.g@maven.mx,The Matrix,Sci-Fi,20.99,INV-260,5.99,2024-10-31
R-1261,2024-05-21,Ana Martínez,ana.m@correo.com,Sí,1,Av. Reforma 123, CDMX,Juan Pérez,juan.p@maven.mx,The Matrix,Sci-Fi,20.99,INV-261,4.99,2024-05-21
R-1262,2024-07-27,Sofía Hernández,sofia.h@gmail.com,No,2,Blvd Insurgentes 456, CDMX,Juan Pérez,juan.p@maven.mx,Schindler's List,Drama,17.50,INV-262,3.99,2024-07-27
R-1263,2025-03-07,Patricia Rojas,patricia.r@mail.com,Sí,1,Av. Reforma 123, CDMX,Juan Pérez,juan.p@maven.mx,Inception,Sci-Fi,18.50,INV-263,4.99,2025-03-07
R-1264,2024-08-13,Ana Martínez,ana.m@correo.com,Sí,2,Blvd. Insurgentes 456, CDMX,Juan Pérez,juan.p@maven.mx,Forrest Gump,Drama,11.99,INV-264,3.99,2024-08-13
R-1265,2025-01-08,Carlos López,carlos.l@outlook.com,Sí,1,Av. Reforma 123, CDMX,Juan Pérez,juan.p@maven.mx,Jurassic Park,Aventura,13.50,INV-265,4.99,2025-01-08
R-1266,2024-10-26,Ana Martínez,ana.m@correo.com,Sí,1,Av. Reforma 123, CDMX,Juan Pérez,juan.p@maven.mx,Inception,Sci-Fi,18.50,INV-266,3.99,2024-10-26
R-1267,2024-09-28,Ana Martínez,ana.m@correo.com,Sí,1,Av. Reforma 123, CDMX,Juan Pérez,juan.p@maven.mx,The Matrix,Sci-Fi,20.99,INV-267,3.99,2024-09-28
R-1268,2024-09-08,Ana Martínez,ana.m@correo.com,Sí,2,Blvd. Insurgentes 456, CDMX,María García,maria.g@maven.mx,Gladiator,Acción,16.75,INV-268,4.99,2024-09-08
R-1269,2024-09-18,Carlos López,carlos.l@outlook.com,Sí,1,Av. Reforma 123, CDMX,Juan Pérez,juan.p@maven.mx,Star Wars,Sci-Fi,21.00,INV-269,4.99,2024-09-18
R-1270,2024-03-21,Carlos López,carlos.l@outlook.com,Sí,1,Av. Reforma 123, CDMX,Juan Pérez,juan.p@maven.mx,The Matrix,Sci-Fi,20.99,INV-270,5.99,2024-03-21
R-1271,2025-02-15,Patricia Rojas,patricia.r@mail.com,Sí,2,Blvd Insurgentes 456, CDMX,Juan Pérez,juan.p@maven.mx,The Matrix,Sci-Fi,20.99,INV-271,3.99,2025-02-15
R-1272,2025-01-06,Carlos López,carlos.l@outlook.com,Sí,2,Blvd. Insurgentes 456, CDMX,María García,maria.g@maven.mx,Inception,Sci-Fi,18.50,INV-272,3.99,2025-01-06
R-1273,2024-12-03,Sofía Hernández,sofia.h@gmail.com,No,1,Av. Reforma 123, CDMX,Juan Pérez,juan.p@maven.mx,Pulp Fiction,Drama,15.00,INV-273,5.99,2024-12-03
R-1274,2024-08-20,Gabriela Mendoza,gabriela.m@webmail.com,Sí,2,Blvd. Insurgentes 456, CDMX,Juan Pérez,juan.p@maven.mx,Fight Club,Drama,14.50,INV-274,4.99,2024-08-20
R-1275,2024-11-17,Sofía Hernández,sofia.h@gmail.com,No,1,Av. Reforma 123, CDMX,María García,maria.g@maven.mx,Inception,Sci-Fi,18.50,INV-275,3.99,2024-11-17
R-1276,2024-12-18,Ana Martínez,ana.m@correo.com,Sí,2,Blvd. Insurgentes 456, CDMX,Carlos Ruiz,carlos.r@maven.mx,The Matrix,Sci-Fi,20.99,INV-276,4.99,2024-12-18
R-1277,2024-03-16,Sofía Hernández,sofia.h@gmail.com,No,1,Avenida Reforma 123, CDMX,Juan Pérez,juan.p@maven.mx,The Godfather,Drama,12.99,INV-277,4.99,2024-03-16
R-1278,2024-09-25,Sofía Hernández,sofia.h@gmail.com,No,2,Blvd. Insurgentes 456, CDMX,Juan Pérez,juan.p@maven.mx,Pulp Fiction,Drama,15.00,INV-278,4.99,2024-09-25
R-1279,2024-05-31,sofía hernández,sofia.h@gmail.com,No,1,Av. Reforma 123, CDMX,Juan Pérez,juan.p@maven.mx,Pulp Fiction,Drama,15.00,INV-279,5.99,2024-05-31
R-1280,2024-09-20,Carlos López,carlos.l@outlook.com,Sí,1,Av. Reforma 123, CDMX,Juan Pérez,juan.p@maven.mx,Inception,Sci-Fi,18.50,INV-280,3.99,2024-09-20
R-1281,2024-03-19,Ana Martínez,ana.m@correo.com,Sí,1,Av. Reforma 123, CDMX,María García,maria.g@maven.mx,Pulp Fiction,Drama,15.00,INV-281,4.99,2024-03-19
R-1282,2025-02-21,Roberto Díaz,roberto.d@yahoo.com,Sí,1,Av. Reforma 123, CDMX,María García,maria.g@maven.mx,The Matrix,Sci-Fi,20.99,INV-282,4.99,2025-02-21
R-1283,2024-04-10,Roberto Díaz,roberto.d@yahoo.com,Sí,1,Av. Reforma 123, CDMX,María García,maria.g@maven.mx,Pulp Fiction,Drama,15.00,INV-283,5.99,2024-04-10
R-1284,2025-02-03,Roberto Díaz,roberto.d@yahoo.com,Sí,1,Av. Reforma 123, CDMX,Juan Pérez,juan.p@maven.mx,Schindler's List,Drama,17.50,INV-284,4.99,2025-02-03
R-1285,2025-02-19,Ana Martínez,ana.m@correo.com,Sí,1,Av. Reforma 123, CDMX,Juan Pérez,juan.p@maven.mx,Jurassic Park,Aventura,13.50,INV-285,5.99,2025-02-19
R-1286,2024-10-20,Ana Martínez,ana.m@correo.com,Sí,1,Av. Reforma 123, CDMX,Carlos Ruiz,carlos.r@maven.mx,Fight Club,Drama,14.50,INV-286,4.99,2024-10-20
R-1287,2025-02-23,Roberto Díaz,roberto.d@yahoo.com,Sí,2,Blvd. Insurgentes 456, CDMX,María García,maria.g@maven.mx,The Matrix,Sci-Fi,20.99,INV-287,3.99,2025-02-23
R-1288,2024-03-23,Fernando Castro,fernando.c@inbox.com,No,1,Av. Reforma 123, CDMX,Juan Pérez,juan.p@maven.mx,Interstellar,Sci-Fi,22.00,INV-288,4.99,2024-03-23
R-1289,2024-04-23,Carlos López,carlos.l@outlook.com,Sí,1,Av. Reforma 123, CDMX,Carlos Ruiz,carlos.r@maven.mx,Inception,Sci-Fi,18.50,INV-289,3.99,2024-04-23
R-1290,2025-02-25,Ana Martínez,ana.m@correo.com,Sí,1,Av. Reforma 123, CDMX,Juan Pérez,juan.p@maven.mx,Gladiator,Acción,16.75,INV-290,4.99,2025-02-25
R-1291,2024-11-29,Carlos López,carlos.l@outlook.com,Sí,2,Blvd. Insurgentes 456, CDMX,Juan Pérez,juan.p@maven.mx,Interstellar,Sci-Fi,22.00,INV-291,4.99,2024-11-29
R-1292,2025-01-14,Sofía Hernández,sofia.h@gmail.com,No,2,Blvd. Insurgentes 456, CDMX,Juan Pérez,juan.p@maven.mx,The Matrix,Sci-Fi,20.99,INV-292,4.99,2025-01-14
R-1293,2024-09-25,Gabriela Mendoza,gabriela.m@webmail.com,Sí,2,Blvd. Insurgentes 456, CDMX,Juan Pérez,juan.p@maven.mx,Inception,Sci-Fi,18.50,INV-293,5.99,2024-09-25
R-1294,2024-04-11,Ana Martínez,ana.m@correo.com,Sí,1,Av. Reforma 123, CDMX,Carlos Ruiz,carlos.r@maven.mx,Inception,Sci-Fi,18.50,INV-294,5.99,2024-04-11
R-1295,2024-09-14,Ana Martínez,ana.m@correo.com,Sí,1,Av. Reforma 123, CDMX,María García,maria.g@maven.mx,The Matrix,Sci-Fi,20.99,INV-295,4.99,2024-09-14
R-1296,2025-01-24,Sofía Hernández,sofia.h@gmail.com,No,2,Blvd. Insurgentes 456, CDMX,Juan Pérez,juan.p@maven.mx,Interstellar,Sci-Fi,22.00,INV-296,4.99,2025-01-24
R-1297,2024-11-16,Carlos López,carlos.l@outlook.com,Sí,2,Blvd. Insurgentes 456, CDMX,Juan Pérez,juan.p@maven.mx,Interstellar,Sci-Fi,22.00,INV-297,5.99,2024-11-16
R-1298,2024-04-10,Roberto Díaz,roberto.d@yahoo.com,Sí,1,Av. Reforma 123, CDMX,Juan Pérez,juan.p@maven.mx,Titanic,Romance,19.99,INV-298,4.99,2024-04-10
R-1299,2024-03-24,Carlos López,carlos.l@outlook.com,Sí,2,Blvd. Insurgentes 456, CDMX,María García,maria.g@maven.mx,The Matrix,Sci-Fi,20.99,INV-299,3.99,2024-03-24
R-1300,2025-02-14,Roberto Díaz,roberto.d@yahoo.com,Sí,1,Avenida Reforma 123, CDMX,Carlos Ruiz,carlos.r@maven.mx,Pulp Fiction,Drama,15.00,INV-300,5.99,2025-02-14
R-1301,2024-08-30,Carlos López,carlos.l@outlook.com,Sí,1,Av. Reforma 123, CDMX,María García,maria.g@maven.mx,The Matrix,Sci-Fi,20.99,INV-301,3.99,2024-08-30
R-1302,2024-03-23,Roberto Díaz,roberto.d@yahoo.com,Sí,1,Av. Reforma 123, CDMX,María García,maria.g@maven.mx,Pulp Fiction,Drama,15.00,INV-302,4.99,2024-03-23
R-1303,2024-05-27,Ana Martínez,ana.m@correo.com,Sí,1,Av. Reforma 123, CDMX,Juan Pérez,juan.p@maven.mx,Fight Club,Drama,14.50,INV-303,4.99,2024-05-27
R-1304,2024-09-03,Ana Martínez,ana.m@correo.com,Sí,2,Blvd. Insurgentes 456, CDMX,Juan Pérez,juan.p@maven.mx,Avatar,Sci-Fi,25.00,INV-304,3.99,2024-09-03
R-1305,2025-03-03,Carlos López,carlos.l@outlook.com,Sí,2,Blvd. Insurgentes 456, CDMX,Juan Pérez,juan.p@maven.mx,Star Wars,Sci-Fi,21.00,INV-305,4.99,2025-03-03
R-1306,2024-08-05,Carlos López,carlos.l@outlook.com,Sí,1,Av. Reforma 123, CDMX,Juan Pérez,juan.p@maven.mx,Inception,Sci-Fi,18.50,INV-306,4.99,2024-08-05
R-1307,2024-11-17,Carmen Vega,carmen.v@live.com,No,2,Blvd. Insurgentes 456, CDMX,Juan Pérez,juan.p@maven.mx,Interstellar,Sci-Fi,22.00,INV-307,4.99,2024-11-17
R-1308,2025-01-22,Sofía Hernández,sofia.h@gmail.com,No,2,Blvd. Insurgentes 456, CDMX,María García,maria.g@maven.mx,The Godfather,Drama,12.99,INV-308,3.99,2025-01-22
R-1309,2025-01-17,Sofía Hernández,sofia.h@gmail.com,No,1,Av. Reforma 123, CDMX,María García,maria.g@maven.mx,Jurassic Park,Aventura,13.50,INV-309,4.99,2025-01-17
R-1310,2024-05-13,Ana Martínez,ana.m@correo.com,Sí,1,Av. Reforma 123, CDMX,Juan Pérez,juan.p@maven.mx,Interstellar,Sci-Fi,22.00,INV-310,5.99,2024-05-13
R-1311,2024-08-30,Sofía Hernández,sofia.h@gmail.com,No,1,Av. Reforma 123, CDMX,Juan Pérez,juan.p@maven.mx,Jurassic Park,Aventura,13.50,INV-311,5.99,2024-08-30
R-1312,2024-11-15,Miguel Ángel,miguel.a@proton.me,Sí,2,Blvd. Insurgentes 456, CDMX,Carlos Ruiz,carlos.r@maven.mx,Jurassic Park,Aventura,13.50,INV-312,4.99,2024-11-15
R-1313,2024-09-22,Fernando Castro,fernando.c@inbox.com,No,1,Av. Reforma 123, CDMX,Juan Pérez,juan.p@maven.mx,Inception,Sci-Fi,18.50,INV-313,4.99,2024-09-22
R-1314,2024-12-22,Ana Martínez,ana.m@correo.com,Sí,2,Blvd. Insurgentes 456, CDMX,Juan Pérez,juan.p@maven.mx,Avatar,Sci-Fi,25.00,INV-314,5.99,2024-12-22
R-1315,2024-09-22,Sofía Hernández,sofia.h@gmail.com,No,2,Blvd. Insurgentes 456, CDMX,Carlos Ruiz,carlos.r@maven.mx,Inception,Sci-Fi,18.50,INV-315,4.99,2024-09-22
R-1316,2024-06-16,Ana Martínez,ana.m@correo.com,Sí,1,Av. Reforma 123, CDMX,María García,maria.g@maven.mx,The Matrix,Sci-Fi,20.99,INV-316,5.99,2024-06-16
R-1317,2024-08-02,sofía hernández,sofia.h@gmail.com,No,1,Av. Reforma 123, CDMX,María García,maria.g@maven.mx,Gladiator,Acción,16.75,INV-317,3.99,2024-08-02
R-1318,2024-10-09,Ana Martínez,ana.m@correo.com,Sí,1,Av. Reforma 123, CDMX,Juan Pérez,juan.p@maven.mx,Lord of the Rings,Fantasía,24.00,INV-318,3.99,2024-10-09
R-1319,2024-04-16,Carlos López,carlos.l@outlook.com,Sí,1,Av. Reforma 123, CDMX,Juan Pérez,juan.p@maven.mx,Titanic,Romance,19.99,INV-319,4.99,2024-04-16
R-1320,2024-07-02,Ana Martínez,ana.m@correo.com,Sí,1,Av. Reforma 123, CDMX,Juan Pérez,juan.p@maven.mx,The Matrix,Sci-Fi,20.99,INV-320,4.99,2024-07-02
R-1321,2024-10-13,Ana Martínez,ana.m@correo.com,Sí,1,Av. Reforma 123, CDMX,Juan Pérez,juan.p@maven.mx,Inception,Sci-Fi,18.50,INV-321,3.99,2024-10-13
R-1322,2025-01-12,Ana Martínez,ana.m@correo.com,Sí,1,Av. Reforma 123, CDMX,Carlos Ruiz,carlos.r@maven.mx,Interstellar,Sci-Fi,22.00,INV-322,4.99,2025-01-12
R-1323,2024-12-31,Sofía Hernández,sofia.h@gmail.com,No,1,Av. Reforma 123, CDMX,Juan Pérez,juan.p@maven.mx,Pulp Fiction,Drama,15.00,INV-323,3.99,2024-12-31
R-1324,2024-05-04,Fernando Castro,fernando.c@inbox.com,No,1,Av. Reforma 123, CDMX,Juan Pérez,juan.p@maven.mx,The Matrix,Sci-Fi,20.99,INV-324,4.99,2024-05-04
R-1325,2024-11-08,Carlos López,carlos.l@outlook.com,Sí,2,Blvd. Insurgentes 456, CDMX,Juan Pérez,juan.p@maven.mx,Titanic,Romance,19.99,INV-325,5.99,2024-11-08
R-1326,2024-12-10,Carlos López,carlos.l@outlook.com,Sí,2,Blvd Insurgentes 456, CDMX,Juan Pérez,juan.p@maven.mx,Pulp Fiction,Drama,15.00,INV-326,5.99,2024-12-10
R-1327,2025-02-24,Ana Martínez,ana.m@correo.com,Sí,1,Av. Reforma 123, CDMX,Juan Pérez,juan.p@maven.mx,Interstellar,Sci-Fi,22.00,INV-327,4.99,2025-02-24
R-1328,2024-08-23,Carlos López,carlos.l@outlook.com,Sí,1,Av. Reforma 123, CDMX,Juan Pérez,juan.p@maven.mx,Schindler's List,Drama,17.50,INV-328,4.99,2024-08-23
R-1329,2024-05-19,Carlos López,carlos.l@outlook.com,Sí,1,Av. Reforma 123, CDMX,María García,maria.g@maven.mx,The Shawshank Redemption,Drama,19.00,INV-329,4.99,2024-05-19
R-1330,2024-05-19,Roberto Díaz,roberto.d@yahoo.com,Sí,1,Av. Reforma 123, CDMX,María García,maria.g@maven.mx,Inception,Sci-Fi,18.50,INV-330,4.99,2024-05-19
R-1331,2024-10-12,Ana Martínez,ana.m@correo.com,Sí,1,Av. Reforma 123, CDMX,Juan Pérez,juan.p@maven.mx,Interstellar,Sci-Fi,22.00,INV-331,3.99,2024-10-12
R-1332,2024-10-29,Ana Martínez,ana.m@correo.com,Sí,1,Avenida Reforma 123, CDMX,María García,maria.g@maven.mx,Fight Club,Drama,14.50,INV-332,4.99,2024-10-29
R-1333,2024-12-28,Sofía Hernández,sofia.h@gmail.com,No,1,Avenida Reforma 123, CDMX,Juan Pérez,juan.p@maven.mx,Pulp Fiction,Drama,15.00,INV-333,4.99,2024-12-28
R-1334,2024-05-10,Sofía Hernández,sofia.h@gmail.com,No,2,Blvd. Insurgentes 456, CDMX,María García,maria.g@maven.mx,Pulp Fiction,Drama,15.00,INV-334,5.99,2024-05-10
R-1335,2024-04-06,Ana Martínez,ana.m@correo.com,Sí,1,Av. Reforma 123, CDMX,Juan Pérez,juan.p@maven.mx,The Matrix,Sci-Fi,20.99,INV-335,4.99,2024-04-06
R-1336,2024-10-20,Carmen Vega,carmen.v@live.com,No,2,Blvd. Insurgentes 456, CDMX,Juan Pérez,juan.p@maven.mx,The Shawshank Redemption,Drama,19.00,INV-336,5.99,2024-10-20
R-1337,2025-02-11,Fernando Castro,fernando.c@inbox.com,No,2,Blvd. Insurgentes 456, CDMX,Juan Pérez,juan.p@maven.mx,Pulp Fiction,Drama,15.00,INV-337,4.99,2025-02-11
R-1338,2024-10-21,Ana Martínez,ana.m@correo.com,Sí,2,Blvd. Insurgentes 456, CDMX,Juan Pérez,juan.p@maven.mx,Inception,Sci-Fi,18.50,INV-338,5.99,2024-10-21
R-1339,2024-05-17,Carlos López,carlos.l@outlook.com,Sí,1,Av. Reforma 123, CDMX,Carlos Ruiz,carlos.r@maven.mx,Inception,Sci-Fi,18.50,INV-339,5.99,2024-05-17
R-1340,2024-12-15,Ana Martínez,ana.m@correo.com,Sí,2,Blvd. Insurgentes 456, CDMX,Juan Pérez,juan.p@maven.mx,The Matrix,Sci-Fi,20.99,INV-340,4.99,2024-12-15
R-1341,2024-06-26,Ana Martínez,ana.m@correo.com,Sí,2,Blvd. Insurgentes 456, CDMX,Juan Pérez,juan.p@maven.mx,Titanic,Romance,19.99,INV-341,4.99,2024-06-26
R-1342,2024-06-18,Carlos López,carlos.l@outlook.com,Sí,2,Blvd. Insurgentes 456, CDMX,María García,maria.g@maven.mx,Gladiator,Acción,16.75,INV-342,3.99,2024-06-18
R-1343,2025-02-09,Ana Martínez,ana.m@correo.com,Sí,1,Av. Reforma 123, CDMX,Juan Pérez,juan.p@maven.mx,The Matrix,Sci-Fi,20.99,INV-343,3.99,2025-02-09
R-1344,2024-03-28,Carlos López,carlos.l@outlook.com,Sí,1,Av. Reforma 123, CDMX,Juan Pérez,juan.p@maven.mx,The Matrix,Sci-Fi,20.99,INV-344,4.99,2024-03-28
R-1345,2025-01-31,Ana Martínez,ana.m@correo.com,Sí,1,Av. Reforma 123, CDMX,Carlos Ruiz,carlos.r@maven.mx,Pulp Fiction,Drama,15.00,INV-345,4.99,2025-01-31
R-1346,2024-07-30,Patricia Rojas,patricia.r@mail.com,Sí,1,Av. Reforma 123, CDMX,María García,maria.g@maven.mx,The Matrix,Sci-Fi,20.99,INV-346,4.99,2024-07-30
R-1347,2024-04-29,Ana Martínez,ana.m@correo.com,Sí,1,Av. Reforma 123, CDMX,Juan Pérez,juan.p@maven.mx,Gladiator,Acción,16.75,INV-347,4.99,2024-04-29
R-1348,2024-07-10,Sofía Hernández,sofia.h@gmail.com,No,1,Av. Reforma 123, CDMX,Juan Pérez,juan.p@maven.mx,The Godfather,Drama,12.99,INV-348,3.99,2024-07-10
R-1349,2024-05-16,Carlos López,carlos.l@outlook.com,Sí,1,Av. Reforma 123, CDMX,María García,maria.g@maven.mx,Pulp Fiction,Drama,15.00,INV-349,5.99,2024-05-16
R-1350,2024-11-15,Roberto Díaz,roberto.d@yahoo.com,Sí,1,Av. Reforma 123, CDMX,María García,maria.g@maven.mx,Star Wars,Sci-Fi,21.00,INV-350,3.99,2024-11-15
R-1351,2024-09-20,Sofía Hernández,sofia.h@gmail.com,No,2,Blvd. Insurgentes 456, CDMX,Carlos Ruiz,carlos.r@maven.mx,Inception,Sci-Fi,18.50,INV-351,5.99,2024-09-20
R-1352,2024-11-10,Ana Martínez,ana.m@correo.com,Sí,1,Av. Reforma 123, CDMX,Carlos Ruiz,carlos.r@maven.mx,The Matrix,Sci-Fi,20.99,INV-352,5.99,2024-11-10
R-1353,2024-05-01,Miguel Ángel,miguel.a@proton.me,Sí,2,Blvd. Insurgentes 456, CDMX,María García,maria.g@maven.mx,The Matrix,Sci-Fi,20.99,INV-353,4.99,2024-05-01
R-1354,2024-08-04,Sofía Hernández,sofia.h@gmail.com,No,1,Av. Reforma 123, CDMX,Juan Pérez,juan.p@maven.mx,Forrest Gump,Drama,11.99,INV-354,5.99,2024-08-04
R-1355,2024-10-20,Carlos López,carlos.l@outlook.com,Sí,2,Blvd. Insurgentes 456, CDMX,María García,maria.g@maven.mx,The Godfather,Drama,12.99,INV-355,3.99,2024-10-20
R-1356,2024-07-28,Fernando Castro,fernando.c@inbox.com,No,1,Av. Reforma 123, CDMX,Juan Pérez,juan.p@maven.mx,Pulp Fiction,Drama,15.00,INV-356,3.99,2024-07-28
R-1357,2024-05-21,luis torres,luis.t@hotmail.com,Sí,1,Av. Reforma 123, CDMX,Juan Pérez,juan.p@maven.mx,The Matrix,Sci-Fi,20.99,INV-357,3.99,2024-05-21
R-1358,2025-01-22,Ana Martínez,ana.m@correo.com,Sí,2,Blvd. Insurgentes 456, CDMX,María García,maria.g@maven.mx,Pulp Fiction,Drama,15.00,INV-358,5.99,2025-01-22
R-1359,2024-10-30,Ana Martínez,ana.m@correo.com,Sí,1,Av. Reforma 123, CDMX,Juan Pérez,juan.p@maven.mx,Inception,Sci-Fi,18.50,INV-359,4.99,2024-10-30
R-1360,2024-12-11,Ana Martínez,ana.m@correo.com,Sí,1,Av. Reforma 123, CDMX,Juan Pérez,juan.p@maven.mx,Inception,Sci-Fi,18.50,INV-360,4.99,2024-12-11
R-1361,2024-04-30,Sofía Hernández,sofia.h@gmail.com,No,1,Avenida Reforma 123, CDMX,María García,maria.g@maven.mx,Inception,Sci-Fi,18.50,INV-361,3.99,2024-04-30
R-1362,2024-12-04,Carlos López,carlos.l@outlook.com,Sí,2,Blvd. Insurgentes 456, CDMX,Juan Pérez,juan.p@maven.mx,Inception,Sci-Fi,18.50,INV-362,4.99,2024-12-04
R-1363,2024-07-15,Carlos López,carlos.l@outlook.com,Sí,2,Blvd. Insurgentes 456, CDMX,Juan Pérez,juan.p@maven.mx,The Matrix,Sci-Fi,20.99,INV-363,3.99,2024-07-15
R-1364,2024-11-01,Sofía Hernández,sofia.h@gmail.com,No,1,Avenida Reforma 123, CDMX,Carlos Ruiz,carlos.r@maven.mx,Pulp Fiction,Drama,15.00,INV-364,5.99,2024-11-01
R-1365,2024-11-28,Ana Martínez,ana.m@correo.com,Sí,2,Blvd. Insurgentes 456, CDMX,Carlos Ruiz,carlos.r@maven.mx,Pulp Fiction,Drama,15.00,INV-365,3.99,2024-11-28
R-1366,2024-03-20,Ana Martínez,ana.m@correo.com,Sí,1,Av. Reforma 123, CDMX,Juan Pérez,juan.p@maven.mx,Inception,Sci-Fi,18.50,INV-366,4.99,2024-03-20
R-1367,2024-03-20,Carlos López,carlos.l@outlook.com,Sí,1,Av. Reforma 123, CDMX,Juan Pérez,juan.p@maven.mx,Inception,Sci-Fi,18.50,INV-367,4.99,2024-03-20
R-1368,2025-01-09,Ana Martínez,ana.m@correo.com,Sí,1,Av. Reforma 123, CDMX,María García,maria.g@maven.mx,Titanic,Romance,19.99,INV-368,4.99,2025-01-09
R-1369,2024-08-02,Carlos López,carlos.l@outlook.com,Sí,1,Av. Reforma 123, CDMX,Juan Pérez,juan.p@maven.mx,Interstellar,Sci-Fi,22.00,INV-369,3.99,2024-08-02
R-1370,2024-08-18,Sofía Hernández,sofia.h@gmail.com,No,1,Av. Reforma 123, CDMX,Juan Pérez,juan.p@maven.mx,The Matrix,Sci-Fi,20.99,INV-370,4.99,2024-08-18
R-1371,2024-05-12,Carlos López,carlos.l@outlook.com,Sí,2,Blvd. Insurgentes 456, CDMX,Carlos Ruiz,carlos.r@maven.mx,Pulp Fiction,Drama,15.00,INV-371,4.99,2024-05-12
R-1372,2024-08-11,Ana Martínez,ana.m@correo.com,Sí,2,Blvd. Insurgentes 456, CDMX,María García,maria.g@maven.mx,The Matrix,Sci-Fi,20.99,INV-372,5.99,2024-08-11
R-1373,2024-09-20,Roberto Díaz,roberto.d@yahoo.com,Sí,1,Avenida Reforma 123, CDMX,María García,maria.g@maven.mx,Inception,Sci-Fi,18.50,INV-373,3.99,2024-09-20
R-1374,2024-06-17,Carlos López,carlos.l@outlook.com,Sí,2,Blvd. Insurgentes 456, CDMX,Juan Pérez,juan.p@maven.mx,The Matrix,Sci-Fi,20.99,INV-374,5.99,2024-06-17
R-1375,2024-06-19,Roberto Díaz,roberto.d@yahoo.com,Sí,1,Av. Reforma 123, CDMX,Juan Pérez,juan.p@maven.mx,Pulp Fiction,Drama,15.00,INV-375,4.99,2024-06-19
R-1376,2024-03-24,Carlos López,carlos.l@outlook.com,Sí,1,Av. Reforma 123, CDMX,Juan Pérez,juan.p@maven.mx,Inception,Sci-Fi,18.50,INV-376,4.99,2024-03-24
R-1377,2024-04-27,Carlos López,carlos.l@outlook.com,Sí,1,Av. Reforma 123, CDMX,Juan Pérez,juan.p@maven.mx,The Matrix,Sci-Fi,20.99,INV-377,3.99,2024-04-27
R-1378,2024-04-16,Sofía Hernández,sofia.h@gmail.com,No,2,Blvd. Insurgentes 456, CDMX,María García,maria.g@maven.mx,The Matrix,Sci-Fi,20.99,INV-378,5.99,2024-04-16
R-1379,2024-10-21,Carlos López,carlos.l@outlook.com,Sí,2,Blvd Insurgentes 456, CDMX,María García,maria.g@maven.mx,Titanic,Romance,19.99,INV-379,3.99,2024-10-21
R-1380,2024-05-14,ana martínez,ana.m@correo.com,Sí,1,Av. Reforma 123, CDMX,Juan Pérez,juan.p@maven.mx,The Matrix,Sci-Fi,20.99,INV-380,5.99,2024-05-14
R-1381,2024-06-08,Ana Martínez,ana.m@correo.com,Sí,1,Av. Reforma 123, CDMX,María García,maria.g@maven.mx,Lord of the Rings,Fantasía,24.00,INV-381,4.99,2024-06-08
R-1382,2024-11-28,Ana Martínez,ana.m@correo.com,Sí,1,Avenida Reforma 123, CDMX,Juan Pérez,juan.p@maven.mx,Interstellar,Sci-Fi,22.00,INV-382,5.99,2024-11-28
R-1383,2024-10-18,Ana Martínez,ana.m@correo.com,Sí,1,Av. Reforma 123, CDMX,Carlos Ruiz,carlos.r@maven.mx,Interstellar,Sci-Fi,22.00,INV-383,5.99,2024-10-18
R-1384,2024-12-04,Ana Martínez,ana.m@correo.com,Sí,1,Av. Reforma 123, CDMX,Carlos Ruiz,carlos.r@maven.mx,The Matrix,Sci-Fi,20.99,INV-384,3.99,2024-12-04
R-1385,2024-11-24,Carlos López,carlos.l@outlook.com,Sí,1,Av. Reforma 123, CDMX,Juan Pérez,juan.p@maven.mx,Star Wars,Sci-Fi,21.00,INV-385,5.99,2024-11-24
R-1386,2024-07-06,Miguel Ángel,miguel.a@proton.me,Sí,2,Blvd. Insurgentes 456, CDMX,María García,maria.g@maven.mx,Pulp Fiction,Drama,15.00,INV-386,5.99,2024-07-06
R-1387,2024-09-30,Ana Martínez,ana.m@correo.com,Sí,1,Av. Reforma 123, CDMX,Juan Pérez,juan.p@maven.mx,Interstellar,Sci-Fi,22.00,INV-387,5.99,2024-09-30
R-1388,2024-09-16,Ana Martínez,ana.m@correo.com,Sí,1,Av. Reforma 123, CDMX,Juan Pérez,juan.p@maven.mx,The Shawshank Redemption,Drama,19.00,INV-388,4.99,2024-09-16
R-1389,2024-11-07,Carlos López,carlos.l@outlook.com,Sí,1,Avenida Reforma 123, CDMX,Juan Pérez,juan.p@maven.mx,Pulp Fiction,Drama,15.00,INV-389,3.99,2024-11-07
R-1390,2024-06-11,Carlos López,carlos.l@outlook.com,Sí,1,Av. Reforma 123, CDMX,María García,maria.g@maven.mx,The Matrix,Sci-Fi,20.99,INV-390,3.99,2024-06-11
R-1391,2024-10-29,Ana Martínez,ana.m@correo.com,Sí,2,Blvd. Insurgentes 456, CDMX,Juan Pérez,juan.p@maven.mx,Schindler's List,Drama,17.50,INV-391,5.99,2024-10-29
R-1392,2025-03-07,Carlos López,carlos.l@outlook.com,Sí,1,Av. Reforma 123, CDMX,Juan Pérez,juan.p@maven.mx,The Matrix,Sci-Fi,20.99,INV-392,3.99,2025-03-07
R-1393,2024-09-15,Roberto Díaz,roberto.d@yahoo.com,Sí,2,Blvd. Insurgentes 456, CDMX,Carlos Ruiz,carlos.r@maven.mx,The Matrix,Sci-Fi,20.99,INV-393,3.99,2024-09-15
R-1394,2024-11-22,Ana Martínez,ana.m@correo.com,Sí,1,Av. Reforma 123, CDMX,Carlos Ruiz,carlos.r@maven.mx,The Godfather,Drama,12.99,INV-394,4.99,2024-11-22
R-1395,2024-05-14,Carlos López,carlos.l@outlook.com,Sí,2,Blvd. Insurgentes 456, CDMX,María García,maria.g@maven.mx,The Matrix,Sci-Fi,20.99,INV-395,3.99,2024-05-14
R-1396,2024-12-06,Ana Martínez,ana.m@correo.com,Sí,2,Blvd. Insurgentes 456, CDMX,Juan Pérez,juan.p@maven.mx,The Matrix,Sci-Fi,20.99,INV-396,4.99,2024-12-06
R-1397,2024-10-30,Ana Martínez,ana.m@correo.com,Sí,2,Blvd. Insurgentes 456, CDMX,Juan Pérez,juan.p@maven.mx,Fight Club,Drama,14.50,INV-397,3.99,2024-10-30
R-1398,2024-10-24,Sofía Hernández,sofia.h@gmail.com,No,2,Blvd Insurgentes 456, CDMX,María García,maria.g@maven.mx,Pulp Fiction,Drama,15.00,INV-398,3.99,2024-10-24
R-1399,2025-02-20,Ana Martínez,ana.m@correo.com,Sí,1,Av. Reforma 123, CDMX,Juan Pérez,juan.p@maven.mx,Titanic,Romance,19.99,INV-399,4.99,2025-02-20
R-1400,2025-01-04,Carlos López,carlos.l@outlook.com,Sí,2,Blvd. Insurgentes 456, CDMX,Carlos Ruiz,carlos.r@maven.mx,The Matrix,Sci-Fi,20.99,INV-400,5.99,2025-01-04
R-1401,2025-01-25,Sofía Hernández,sofia.h@gmail.com,No,1,Av. Reforma 123, CDMX,Juan Pérez,juan.p@maven.mx,Gladiator,Acción,16.75,INV-401,3.99,2025-01-25
R-1402,2024-07-18,Roberto Díaz,roberto.d@yahoo.com,Sí,2,Blvd. Insurgentes 456, CDMX,Juan Pérez,juan.p@maven.mx,The Matrix,Sci-Fi,20.99,INV-402,3.99,2024-07-18
R-1403,2024-08-10,Ana Martínez,ana.m@correo.com,Sí,1,Av. Reforma 123, CDMX,María García,maria.g@maven.mx,The Matrix,Sci-Fi,20.99,INV-403,4.99,2024-08-10
R-1404,2024-07-03,Ana Martínez,ana.m@correo.com,Sí,2,Blvd Insurgentes 456, CDMX,Juan Pérez,juan.p@maven.mx,Inception,Sci-Fi,18.50,INV-404,4.99,2024-07-03
R-1405,2024-04-04,Roberto Díaz,roberto.d@yahoo.com,Sí,1,Av. Reforma 123, CDMX,María García,maria.g@maven.mx,Star Wars,Sci-Fi,21.00,INV-405,3.99,2024-04-04
R-1406,2024-04-25,Carlos López,carlos.l@outlook.com,Sí,1,Av. Reforma 123, CDMX,Juan Pérez,juan.p@maven.mx,Jurassic Park,Aventura,13.50,INV-406,4.99,2024-04-25
R-1407,2024-05-16,Ana Martínez,ana.m@correo.com,Sí,2,Blvd. Insurgentes 456, CDMX,Carlos Ruiz,carlos.r@maven.mx,The Matrix,Sci-Fi,20.99,INV-407,5.99,2024-05-16
R-1408,2024-11-13,Carlos López,carlos.l@outlook.com,Sí,2,Blvd. Insurgentes 456, CDMX,Juan Pérez,juan.p@maven.mx,Interstellar,Sci-Fi,22.00,INV-408,5.99,2024-11-13
R-1409,2024-06-15,Carlos López,carlos.l@outlook.com,Sí,1,Av. Reforma 123, CDMX,Carlos Ruiz,carlos.r@maven.mx,Titanic,Romance,19.99,INV-409,4.99,2024-06-15
R-1410,2024-07-03,Ana Martínez,ana.m@correo.com,Sí,1,Av. Reforma 123, CDMX,Carlos Ruiz,carlos.r@maven.mx,Fight Club,Drama,14.50,INV-410,5.99,2024-07-03
R-1411,2025-02-11,Ana Martínez,ana.m@correo.com,Sí,2,Blvd. Insurgentes 456, CDMX,María García,maria.g@maven.mx,Fight Club,Drama,14.50,INV-411,5.99,2025-02-11
R-1412,2025-02-14,Ana Martínez,ana.m@correo.com,Sí,2,Blvd. Insurgentes 456, CDMX,María García,maria.g@maven.mx,The Matrix,Sci-Fi,20.99,INV-412,3.99,2025-02-14
R-1413,2024-12-24,Ana Martínez,ana.m@correo.com,Sí,1,Av. Reforma 123, CDMX,Juan Pérez,juan.p@maven.mx,The Matrix,Sci-Fi,20.99,INV-413,4.99,2024-12-24
R-1414,2025-01-18,Roberto Díaz,roberto.d@yahoo.com,Sí,1,Av. Reforma 123, CDMX,María García,maria.g@maven.mx,The Matrix,Sci-Fi,20.99,INV-414,5.99,2025-01-18
R-1415,2024-11-10,Luis Torres,luis.t@hotmail.com,Sí,1,Av. Reforma 123, CDMX,Juan Pérez,juan.p@maven.mx,Inception,Sci-Fi,18.50,INV-415,4.99,2024-11-10
R-1416,2024-11-24,Miguel Ángel,miguel.a@proton.me,Sí,1,Av. Reforma 123, CDMX,Juan Pérez,juan.p@maven.mx,Pulp Fiction,Drama,15.00,INV-416,4.99,2024-11-24
R-1417,2024-09-30,Ana Martínez,ana.m@correo.com,Sí,1,Av. Reforma 123, CDMX,Juan Pérez,juan.p@maven.mx,Inception,Sci-Fi,18.50,INV-417,3.99,2024-09-30
R-1418,2025-03-09,Ana Martínez,ana.m@correo.com,Sí,1,Av. Reforma 123, CDMX,Juan Pérez,juan.p@maven.mx,Pulp Fiction,Drama,15.00,INV-418,4.99,2025-03-09
R-1419,2024-08-22,Sofía Hernández,sofia.h@gmail.com,No,2,Blvd. Insurgentes 456, CDMX,Juan Pérez,juan.p@maven.mx,The Matrix,Sci-Fi,20.99,INV-419,5.99,2024-08-22
R-1420,2025-01-31,Carlos López,carlos.l@outlook.com,Sí,1,Avenida Reforma 123, CDMX,Juan Pérez,juan.p@maven.mx,Pulp Fiction,Drama,15.00,INV-420,5.99,2025-01-31
R-1421,2025-02-26,Ana Martínez,ana.m@correo.com,Sí,1,Av. Reforma 123, CDMX,Juan Pérez,juan.p@maven.mx,Pulp Fiction,Drama,15.00,INV-421,3.99,2025-02-26
R-1422,2024-11-24,carlos lópez,carlos.l@outlook.com,Sí,1,Av. Reforma 123, CDMX,María García,maria.g@maven.mx,Pulp Fiction,Drama,15.00,INV-422,4.99,2024-11-24
R-1423,2024-04-27,Miguel Ángel,miguel.a@proton.me,Sí,1,Av. Reforma 123, CDMX,Juan Pérez,juan.p@maven.mx,Inception,Sci-Fi,18.50,INV-423,4.99,2024-04-27
R-1424,2025-02-23,Ana Martínez,ana.m@correo.com,Sí,2,Blvd. Insurgentes 456, CDMX,Carlos Ruiz,carlos.r@maven.mx,Inception,Sci-Fi,18.50,INV-424,4.99,2025-02-23
R-1425,2024-10-23,Sofía Hernández,sofia.h@gmail.com,No,2,Blvd. Insurgentes 456, CDMX,Juan Pérez,juan.p@maven.mx,The Matrix,Sci-Fi,20.99,INV-425,3.99,2024-10-23
R-1426,2024-05-21,Carmen Vega,carmen.v@live.com,No,2,Blvd. Insurgentes 456, CDMX,Carlos Ruiz,carlos.r@maven.mx,The Matrix,Sci-Fi,20.99,INV-426,5.99,2024-05-21
R-1427,2024-05-26,Ana Martínez,ana.m@correo.com,Sí,1,Av. Reforma 123, CDMX,María García,maria.g@maven.mx,The Matrix,Sci-Fi,20.99,INV-427,3.99,2024-05-26
R-1428,2025-01-14,Sofía Hernández,sofia.h@gmail.com,No,1,Av. Reforma 123, CDMX,María García,maria.g@maven.mx,Inception,Sci-Fi,18.50,INV-428,5.99,2025-01-14
R-1429,2024-07-05,Luis Torres,luis.t@hotmail.com,Sí,1,Av. Reforma 123, CDMX,Juan Pérez,juan.p@maven.mx,Inception,Sci-Fi,18.50,INV-429,3.99,2024-07-05
R-1430,2024-07-23,Carlos López,carlos.l@outlook.com,Sí,2,Blvd. Insurgentes 456, CDMX,Juan Pérez,juan.p@maven.mx,The Godfather,Drama,12.99,INV-430,4.99,2024-07-23
R-1431,2024-03-20,Sofía Hernández,sofia.h@gmail.com,No,1,Av. Reforma 123, CDMX,Juan Pérez,juan.p@maven.mx,Inception,Sci-Fi,18.50,INV-431,3.99,2024-03-20
R-1432,2024-10-07,Roberto Díaz,roberto.d@yahoo.com,Sí,2,Blvd Insurgentes 456, CDMX,Juan Pérez,juan.p@maven.mx,The Matrix,Sci-Fi,20.99,INV-432,3.99,2024-10-07
R-1433,2024-09-11,Ana Martínez,ana.m@correo.com,Sí,1,Av. Reforma 123, CDMX,María García,maria.g@maven.mx,Pulp Fiction,Drama,15.00,INV-433,4.99,2024-09-11
R-1434,2024-05-07,Carlos López,carlos.l@outlook.com,Sí,1,Avenida Reforma 123, CDMX,Juan Pérez,juan.p@maven.mx,The Matrix,Sci-Fi,20.99,INV-434,5.99,2024-05-07
R-1435,2025-02-24,Ana Martínez,ana.m@correo.com,Sí,1,Av. Reforma 123, CDMX,Juan Pérez,juan.p@maven.mx,Inception,Sci-Fi,18.50,INV-435,4.99,2025-02-24
R-1436,2024-03-18,Ana Martínez,ana.m@correo.com,Sí,1,Av. Reforma 123, CDMX,Juan Pérez,juan.p@maven.mx,Inception,Sci-Fi,18.50,INV-436,5.99,2024-03-18
R-1437,2024-07-25,Ana Martínez,ana.m@correo.com,Sí,2,Blvd. Insurgentes 456, CDMX,Carlos Ruiz,carlos.r@maven.mx,The Matrix,Sci-Fi,20.99,INV-437,3.99,2024-07-25
R-1438,2025-02-05,Carlos López,carlos.l@outlook.com,Sí,1,Av. Reforma 123, CDMX,Juan Pérez,juan.p@maven.mx,Pulp Fiction,Drama,15.00,INV-438,5.99,2025-02-05
R-1439,2024-04-14,Ana Martínez,ana.m@correo.com,Sí,1,Av. Reforma 123, CDMX,Juan Pérez,juan.p@maven.mx,Pulp Fiction,Drama,15.00,INV-439,4.99,2024-04-14
R-1440,2024-10-13,Sofía Hernández,sofia.h@gmail.com,No,2,Blvd. Insurgentes 456, CDMX,Juan Pérez,juan.p@maven.mx,Inception,Sci-Fi,18.50,INV-440,4.99,2024-10-13
R-1441,2024-12-03,Sofía Hernández,sofia.h@gmail.com,No,2,Blvd. Insurgentes 456, CDMX,Juan Pérez,juan.p@maven.mx,The Matrix,Sci-Fi,20.99,INV-441,5.99,2024-12-03
R-1442,2025-01-28,Carlos López,carlos.l@outlook.com,Sí,1,Av. Reforma 123, CDMX,Juan Pérez,juan.p@maven.mx,Fight Club,Drama,14.50,INV-442,4.99,2025-01-28
R-1443,2024-05-09,Ana Martínez,ana.m@correo.com,Sí,1,Av. Reforma 123, CDMX,Juan Pérez,juan.p@maven.mx,Pulp Fiction,Drama,15.00,INV-443,3.99,2024-05-09
R-1444,2024-11-22,Ana Martínez,ana.m@correo.com,Sí,1,Av. Reforma 123, CDMX,Juan Pérez,juan.p@maven.mx,Pulp Fiction,Drama,15.00,INV-444,3.99,2024-11-22
R-1445,2025-01-11,Ana Martínez,ana.m@correo.com,Sí,2,Blvd Insurgentes 456, CDMX,Carlos Ruiz,carlos.r@maven.mx,Inception,Sci-Fi,18.50,INV-445,4.99,2025-01-11
R-1446,2025-02-18,Ana Martínez,ana.m@correo.com,Sí,2,Blvd. Insurgentes 456, CDMX,Juan Pérez,juan.p@maven.mx,Interstellar,Sci-Fi,22.00,INV-446,4.99,2025-02-18
R-1447,2024-12-04,Roberto Díaz,roberto.d@yahoo.com,Sí,1,Av. Reforma 123, CDMX,María García,maria.g@maven.mx,Inception,Sci-Fi,18.50,INV-447,3.99,2024-12-04
R-1448,2024-06-07,Ana Martínez,ana.m@correo.com,Sí,2,Blvd. Insurgentes 456, CDMX,Juan Pérez,juan.p@maven.mx,The Matrix,Sci-Fi,20.99,INV-448,5.99,2024-06-07
R-1449,2025-03-04,Ana Martínez,ana.m@correo.com,Sí,1,Av. Reforma 123, CDMX,María García,maria.g@maven.mx,The Matrix,Sci-Fi,20.99,INV-449,4.99,2025-03-04
R-1450,2024-04-21,Sofía Hernández,sofia.h@gmail.com,No,1,Av. Reforma 123, CDMX,Juan Pérez,juan.p@maven.mx,The Matrix,Sci-Fi,20.99,INV-450,3.99,2024-04-21
R-1451,2024-05-08,Carlos López,carlos.l@outlook.com,Sí,1,Av. Reforma 123, CDMX,Juan Pérez,juan.p@maven.mx,Star Wars,Sci-Fi,21.00,INV-451,5.99,2024-05-08
R-1452,2024-11-12,Sofía Hernández,sofia.h@gmail.com,No,1,Avenida Reforma 123, CDMX,María García,maria.g@maven.mx,Pulp Fiction,Drama,15.00,INV-452,4.99,2024-11-12
R-1453,2024-12-02,Ana Martínez,ana.m@correo.com,Sí,1,Av. Reforma 123, CDMX,Juan Pérez,juan.p@maven.mx,The Shawshank Redemption,Drama,19.00,INV-453,3.99,2024-12-02
R-1454,2024-07-22,Ana Martínez,ana.m@correo.com,Sí,2,Blvd. Insurgentes 456, CDMX,Juan Pérez,juan.p@maven.mx,Pulp Fiction,Drama,15.00,INV-454,4.99,2024-07-22
R-1455,2025-01-25,Ana Martínez,ana.m@correo.com,Sí,1,Avenida Reforma 123, CDMX,Juan Pérez,juan.p@maven.mx,The Matrix,Sci-Fi,20.99,INV-455,4.99,2025-01-25
R-1456,2024-07-19,Ana Martínez,ana.m@correo.com,Sí,2,Blvd. Insurgentes 456, CDMX,Carlos Ruiz,carlos.r@maven.mx,Inception,Sci-Fi,18.50,INV-456,3.99,2024-07-19
R-1457,2024-06-04,Ana Martínez,ana.m@correo.com,Sí,1,Av. Reforma 123, CDMX,Juan Pérez,juan.p@maven.mx,Interstellar,Sci-Fi,22.00,INV-457,4.99,2024-06-04
R-1458,2024-12-02,ana martínez,ana.m@correo.com,Sí,2,Blvd. Insurgentes 456, CDMX,Carlos Ruiz,carlos.r@maven.mx,Interstellar,Sci-Fi,22.00,INV-458,4.99,2024-12-02
R-1459,2024-04-07,Ana Martínez,ana.m@correo.com,Sí,1,Av. Reforma 123, CDMX,Juan Pérez,juan.p@maven.mx,Avatar,Sci-Fi,25.00,INV-459,4.99,2024-04-07
R-1460,2024-08-30,Sofía Hernández,sofia.h@gmail.com,No,1,Av. Reforma 123, CDMX,Carlos Ruiz,carlos.r@maven.mx,Inception,Sci-Fi,18.50,INV-460,3.99,2024-08-30
R-1461,2024-04-12,Ana Martínez,ana.m@correo.com,Sí,1,Av. Reforma 123, CDMX,Juan Pérez,juan.p@maven.mx,The Matrix,Sci-Fi,20.99,INV-461,3.99,2024-04-12
R-1462,2024-12-31,Sofía Hernández,sofia.h@gmail.com,No,1,Av. Reforma 123, CDMX,Juan Pérez,juan.p@maven.mx,Inception,Sci-Fi,18.50,INV-462,3.99,2024-12-31
R-1463,2024-12-26,Ana Martínez,ana.m@correo.com,Sí,1,Avenida Reforma 123, CDMX,Juan Pérez,juan.p@maven.mx,Avatar,Sci-Fi,25.00,INV-463,5.99,2024-12-26
R-1464,2024-05-21,Carlos López,carlos.l@outlook.com,Sí,2,Blvd. Insurgentes 456, CDMX,Juan Pérez,juan.p@maven.mx,Pulp Fiction,Drama,15.00,INV-464,3.99,2024-05-21
R-1465,2024-06-05,Miguel Ángel,miguel.a@proton.me,Sí,1,Av. Reforma 123, CDMX,Juan Pérez,juan.p@maven.mx,Interstellar,Sci-Fi,22.00,INV-465,5.99,2024-06-05
R-1466,2024-12-07,fernando castro,fernando.c@inbox.com,No,1,Av. Reforma 123, CDMX,Juan Pérez,juan.p@maven.mx,The Godfather,Drama,12.99,INV-466,5.99,2024-12-07
R-1467,2024-07-13,Sofía Hernández,sofia.h@gmail.com,No,1,Av. Reforma 123, CDMX,Juan Pérez,juan.p@maven.mx,Interstellar,Sci-Fi,22.00,INV-467,4.99,2024-07-13
R-1468,2024-12-07,Ana Martínez,ana.m@correo.com,Sí,1,Av. Reforma 123, CDMX,Juan Pérez,juan.p@maven.mx,Jurassic Park,Aventura,13.50,INV-468,4.99,2024-12-07
R-1469,2024-07-05,roberto díaz,roberto.d@yahoo.com,Sí,1,Av. Reforma 123, CDMX,Juan Pérez,juan.p@maven.mx,The Matrix,Sci-Fi,20.99,INV-469,4.99,2024-07-05
R-1470,2024-06-30,Ana Martínez,ana.m@correo.com,Sí,1,Av. Reforma 123, CDMX,María García,maria.g@maven.mx,The Matrix,Sci-Fi,20.99,INV-470,5.99,2024-06-30
R-1471,2024-04-16,Carlos López,carlos.l@outlook.com,Sí,1,Av. Reforma 123, CDMX,María García,maria.g@maven.mx,The Matrix,Sci-Fi,20.99,INV-471,3.99,2024-04-16
R-1472,2024-07-19,Ana Martínez,ana.m@correo.com,Sí,2,Blvd. Insurgentes 456, CDMX,María García,maria.g@maven.mx,The Matrix,Sci-Fi,20.99,INV-472,4.99,2024-07-19
R-1473,2024-06-10,Carmen Vega,carmen.v@live.com,No,1,Av. Reforma 123, CDMX,María García,maria.g@maven.mx,Inception,Sci-Fi,18.50,INV-473,3.99,2024-06-10
R-1474,2025-02-13,Ana Martínez,ana.m@correo.com,Sí,1,Av. Reforma 123, CDMX,Juan Pérez,juan.p@maven.mx,The Matrix,Sci-Fi,20.99,INV-474,5.99,2025-02-13
R-1475,2025-01-15,Patricia Rojas,patricia.r@mail.com,Sí,1,Av. Reforma 123, CDMX,Juan Pérez,juan.p@maven.mx,Inception,Sci-Fi,18.50,INV-475,4.99,2025-01-15
R-1476,2024-06-18,Carlos López,carlos.l@outlook.com,Sí,1,Av. Reforma 123, CDMX,Juan Pérez,juan.p@maven.mx,The Matrix,Sci-Fi,20.99,INV-476,3.99,2024-06-18
R-1477,2024-08-01,Ana Martínez,ana.m@correo.com,Sí,1,Av. Reforma 123, CDMX,Juan Pérez,juan.p@maven.mx,Inception,Sci-Fi,18.50,INV-477,5.99,2024-08-01
R-1478,2024-05-12,Gabriela Mendoza,gabriela.m@webmail.com,Sí,2,Blvd. Insurgentes 456, CDMX,María García,maria.g@maven.mx,The Matrix,Sci-Fi,20.99,INV-478,3.99,2024-05-12
R-1479,2024-07-08,Sofía Hernández,sofia.h@gmail.com,No,2,Blvd. Insurgentes 456, CDMX,María García,maria.g@maven.mx,Pulp Fiction,Drama,15.00,INV-479,4.99,2024-07-08
R-1480,2024-06-10,Carlos López,carlos.l@outlook.com,Sí,1,Av. Reforma 123, CDMX,María García,maria.g@maven.mx,Lord of the Rings,Fantasía,24.00,INV-480,4.99,2024-06-10
R-1481,2024-07-20,Carlos López,carlos.l@outlook.com,Sí,2,Blvd. Insurgentes 456, CDMX,María García,maria.g@maven.mx,Pulp Fiction,Drama,15.00,INV-481,4.99,2024-07-20
R-1482,2024-11-27,Ana Martínez,ana.m@correo.com,Sí,1,Av. Reforma 123, CDMX,María García,maria.g@maven.mx,The Matrix,Sci-Fi,20.99,INV-482,4.99,2024-11-27
R-1483,2024-12-25,Carlos López,carlos.l@outlook.com,Sí,2,Blvd. Insurgentes 456, CDMX,Juan Pérez,juan.p@maven.mx,Gladiator,Acción,16.75,INV-483,4.99,2024-12-25
R-1484,2024-10-29,Luis Torres,luis.t@hotmail.com,Sí,2,Blvd. Insurgentes 456, CDMX,María García,maria.g@maven.mx,Pulp Fiction,Drama,15.00,INV-484,4.99,2024-10-29
R-1485,2024-04-06,Carlos López,carlos.l@outlook.com,Sí,2,Blvd. Insurgentes 456, CDMX,Carlos Ruiz,carlos.r@maven.mx,Pulp Fiction,Drama,15.00,INV-485,4.99,2024-04-06
R-1486,2024-11-18,Ana Martínez,ana.m@correo.com,Sí,2,Blvd. Insurgentes 456, CDMX,María García,maria.g@maven.mx,Inception,Sci-Fi,18.50,INV-486,5.99,2024-11-18
R-1487,2024-08-25,Roberto Díaz,roberto.d@yahoo.com,Sí,2,Blvd. Insurgentes 456, CDMX,Juan Pérez,juan.p@maven.mx,Inception,Sci-Fi,18.50,INV-487,3.99,2024-08-25
R-1488,2024-10-24,Carlos López,carlos.l@outlook.com,Sí,2,Blvd. Insurgentes 456, CDMX,Juan Pérez,juan.p@maven.mx,Inception,Sci-Fi,18.50,INV-488,3.99,2024-10-24
R-1489,2024-12-30,Carlos López,carlos.l@outlook.com,Sí,1,Av. Reforma 123, CDMX,María García,maria.g@maven.mx,The Matrix,Sci-Fi,20.99,INV-489,3.99,2024-12-30
R-1490,2024-05-03,Sofía Hernández,sofia.h@gmail.com,No,2,Blvd. Insurgentes 456, CDMX,María García,maria.g@maven.mx,The Matrix,Sci-Fi,20.99,INV-490,4.99,2024-05-03
R-1491,2024-04-05,Sofía Hernández,sofia.h@gmail.com,No,1,Av. Reforma 123, CDMX,Carlos Ruiz,carlos.r@maven.mx,The Matrix,Sci-Fi,20.99,INV-491,3.99,2024-04-05
R-1492,2025-03-10,Roberto Díaz,roberto.d@yahoo.com,Sí,1,Av. Reforma 123, CDMX,Juan Pérez,juan.p@maven.mx,The Matrix,Sci-Fi,20.99,INV-492,3.99,2025-03-10
R-1493,2024-03-23,Carmen Vega,carmen.v@live.com,No,1,Av. Reforma 123, CDMX,Juan Pérez,juan.p@maven.mx,The Matrix,Sci-Fi,20.99,INV-493,3.99,2024-03-23
R-1494,2025-01-14,Carlos López,carlos.l@outlook.com,Sí,1,Av. Reforma 123, CDMX,María García,maria.g@maven.mx,Pulp Fiction,Drama,15.00,INV-494,5.99,2025-01-14
R-1495,2025-02-11,Ana Martínez,ana.m@correo.com,Sí,2,Blvd. Insurgentes 456, CDMX,Juan Pérez,juan.p@maven.mx,Lord of the Rings,Fantasía,24.00,INV-495,4.99,2025-02-11
R-1496,2024-06-19,Roberto Díaz,roberto.d@yahoo.com,Sí,1,Av. Reforma 123, CDMX,Juan Pérez,juan.p@maven.mx,Star Wars,Sci-Fi,21.00,INV-496,4.99,2024-06-19
R-1497,2024-09-30,Roberto Díaz,roberto.d@yahoo.com,Sí,1,Av. Reforma 123, CDMX,Juan Pérez,juan.p@maven.mx,Interstellar,Sci-Fi,22.00,INV-497,4.99,2024-09-30
R-1498,2025-01-15,Ana Martínez,ana.m@correo.com,Sí,1,Av. Reforma 123, CDMX,Carlos Ruiz,carlos.r@maven.mx,The Matrix,Sci-Fi,20.99,INV-498,5.99,2025-01-15
R-1499,2024-11-08,Ana Martínez,ana.m@correo.com,Sí,1,Av. Reforma 123, CDMX,Juan Pérez,juan.p@maven.mx,Pulp Fiction,Drama,15.00,INV-499,3.99,2024-11-08
R-1500,2025-02-07,Ana Martínez,ana.m@correo.com,Sí,2,Blvd. Insurgentes 456, CDMX,Juan Pérez,juan.p@maven.mx,Fight Club,Drama,14.50,INV-500,3.99,2025-02-07
